date,weekday,period,start,end,subject_code,subject_name,class_type,mapping_confidence,section_id
2026-08-31,Monday,1,09:00,09:50,21PYS202T,Medical Physics,theory,high,II-BME
2026-08-31,Monday,2,09:50,10:40,21BMC203J,Electric and Electronic Circuits,theory,high,II-BME
2026-08-31,Monday,3,10:50,11:40,21PDH201T,Social Engineering,theory,high,II-BME
2026-08-31,Monday,4,11:40,12:30,21PDH201T,Social Engineering,theory,high,II-BME
2026-08-31,Monday,6,13:20,14:10,21BMC203J|21BMC204J,Electric and Electronic Circuits | Digital Logic for Medical Systems,lab,low,II-BME
2026-08-31,Monday,7,14:10,15:00,21BMC203J|21BMC204J,Electric and Electronic Circuits | Digital Logic for Medical Systems,lab,low,II-BME
2026-09-01,Tuesday,1,09:00,09:50,21BMC203J,Electric and Electronic Circuits,theory,high,II-BME
2026-09-01,Tuesday,2,09:50,10:40,21PYS202T,Medical Physics,theory,high,II-BME
2026-09-01,Tuesday,3,10:50,11:40,21BMC202T,Biomedical Signals and Systems,theory,high,II-BME
2026-09-01,Tuesday,4,11:40,12:30,21MAB201T,Transforms and Boundary Value Problems,theory,high,II-BME
2026-09-01,Tuesday,6,13:20,14:10,21PDM201L,Verbal Reasoning,skill,high,II-BME
2026-09-01,Tuesday,7,14:10,15:00,21PDM201L,Verbal Reasoning,skill,high,II-BME
2026-09-02,Wednesday,1,09:00,09:50,21BMC202T,Biomedical Signals and Systems,theory,high,II-BME
2026-09-02,Wednesday,2,09:50,10:40,21BMC204J,Digital Logic for Medical Systems,theory,high,II-BME
2026-09-02,Wednesday,3,10:50,11:40,21MAB201T,Transforms and Boundary Value Problems,theory,high,II-BME
2026-09-02,Wednesday,6,13:20,14:10,21PDM201L,Verbal Reasoning,skill,high,II-BME
2026-09-02,Wednesday,7,14:10,15:00,21LEM202T,Universal Human Values-II,theory,high,II-BME
2026-09-03,Thursday,1,09:00,09:50,21MAB201T,Transforms and Boundary Value Problems,theory,high,II-BME
2026-09-03,Thursday,2,09:50,10:40,21PYS202T,Medical Physics,theory,high,II-BME
2026-09-03,Thursday,3,10:50,11:40,21BMC202T,Biomedical Signals and Systems,theory,high,II-BME
2026-09-03,Thursday,4,11:40,12:30,21BMC204J,Digital Logic for Medical Systems,theory,high,II-BME
2026-09-03,Thursday,8,15:10,16:00,21BMC203J|21BMC204J,Electric and Electronic Circuits | Digital Logic for Medical Systems,lab,low,II-BME
2026-09-03,Thursday,9,16:00,16:50,21BMC203J|21BMC204J,Electric and Electronic Circuits | Digital Logic for Medical Systems,lab,low,II-BME
2026-09-04,Friday,1,09:00,09:50,21LEM201T,Professional Ethics,theory,high,II-BME
2026-09-04,Friday,2,09:50,10:40,21MAB201T,Transforms and Boundary Value Problems,theory,high,II-BME
2026-09-04,Friday,3,10:50,11:40,21BMC203J,Electric and Electronic Circuits,theory,high,II-BME
2026-09-04,Friday,4,11:40,12:30,21BMC204J,Digital Logic for Medical Systems,theory,high,II-BME
2026-09-04,Friday,8,15:10,16:00,21LEM202T,Universal Human Values-II,theory,high,II-BME
2026-09-04,Friday,9,16:00,16:50,21LEM202T,Universal Human Values-II,theory,high,II-BME
2026-09-07,Monday,1,09:00,09:50,21PYS202T,Medical Physics,theory,high,II-BME
2026-09-07,Monday,2,09:50,10:40,21BMC203J,Electric and Electronic Circuits,theory,high,II-BME
2026-09-07,Monday,3,10:50,11:40,21PDH201T,Social Engineering,theory,high,II-BME
2026-09-07,Monday,4,11:40,12:30,21PDH201T,Social Engineering,theory,high,II-BME
2026-09-07,Monday,6,13:20,14:10,21BMC203J|21BMC204J,Electric and Electronic Circuits | Digital Logic for Medical Systems,lab,low,II-BME
2026-09-07,Monday,7,14:10,15:00,21BMC203J|21BMC204J,Electric and Electronic Circuits | Digital Logic for Medical Systems,lab,low,II-BME
2026-09-08,Tuesday,1,09:00,09:50,21BMC203J,Electric and Electronic Circuits,theory,high,II-BME
2026-09-08,Tuesday,2,09:50,10:40,21PYS202T,Medical Physics,theory,high,II-BME
2026-09-08,Tuesday,3,10:50,11:40,21BMC202T,Biomedical Signals and Systems,theory,high,II-BME
2026-09-08,Tuesday,4,11:40,12:30,21MAB201T,Transforms and Boundary Value Problems,theory,high,II-BME
2026-09-08,Tuesday,6,13:20,14:10,21PDM201L,Verbal Reasoning,skill,high,II-BME
2026-09-08,Tuesday,7,14:10,15:00,21PDM201L,Verbal Reasoning,skill,high,II-BME
2026-09-09,Wednesday,1,09:00,09:50,21BMC202T,Biomedical Signals and Systems,theory,high,II-BME
2026-09-09,Wednesday,2,09:50,10:40,21BMC204J,Digital Logic for Medical Systems,theory,high,II-BME
2026-09-09,Wednesday,3,10:50,11:40,21MAB201T,Transforms and Boundary Value Problems,theory,high,II-BME
2026-09-09,Wednesday,6,13:20,14:10,21PDM201L,Verbal Reasoning,skill,high,II-BME
2026-09-09,Wednesday,7,14:10,15:00,21LEM202T,Universal Human Values-II,theory,high,II-BME
2026-09-10,Thursday,1,09:00,09:50,21MAB201T,Transforms and Boundary Value Problems,theory,high,II-BME
2026-09-10,Thursday,2,09:50,10:40,21PYS202T,Medical Physics,theory,high,II-BME
2026-09-10,Thursday,3,10:50,11:40,21BMC202T,Biomedical Signals and Systems,theory,high,II-BME
2026-09-10,Thursday,4,11:40,12:30,21BMC204J,Digital Logic for Medical Systems,theory,high,II-BME
2026-09-10,Thursday,8,15:10,16:00,21BMC203J|21BMC204J,Electric and Electronic Circuits | Digital Logic for Medical Systems,lab,low,II-BME
2026-09-10,Thursday,9,16:00,16:50,21BMC203J|21BMC204J,Electric and Electronic Circuits | Digital Logic for Medical Systems,lab,low,II-BME
2026-09-11,Friday,1,09:00,09:50,21LEM201T,Professional Ethics,theory,high,II-BME
2026-09-11,Friday,2,09:50,10:40,21MAB201T,Transforms and Boundary Value Problems,theory,high,II-BME
2026-09-11,Friday,3,10:50,11:40,21BMC203J,Electric and Electronic Circuits,theory,high,II-BME
2026-09-11,Friday,4,11:40,12:30,21BMC204J,Digital Logic for Medical Systems,theory,high,II-BME
2026-09-11,Friday,8,15:10,16:00,21LEM202T,Universal Human Values-II,theory,high,II-BME
2026-09-11,Friday,9,16:00,16:50,21LEM202T,Universal Human Values-II,theory,high,II-BME
2026-09-14,Monday,1,09:00,09:50,21PYS202T,Medical Physics,theory,high,II-BME
2026-09-14,Monday,2,09:50,10:40,21BMC203J,Electric and Electronic Circuits,theory,high,II-BME
2026-09-14,Monday,3,10:50,11:40,21PDH201T,Social Engineering,theory,high,II-BME
2026-09-14,Monday,4,11:40,12:30,21PDH201T,Social Engineering,theory,high,II-BME
2026-09-14,Monday,6,13:20,14:10,21BMC203J|21BMC204J,Electric and Electronic Circuits | Digital Logic for Medical Systems,lab,low,II-BME
2026-09-14,Monday,7,14:10,15:00,21BMC203J|21BMC204J,Electric and Electronic Circuits | Digital Logic for Medical Systems,lab,low,II-BME
2026-09-15,Tuesday,1,09:00,09:50,21BMC203J,Electric and Electronic Circuits,theory,high,II-BME
2026-09-15,Tuesday,2,09:50,10:40,21PYS202T,Medical Physics,theory,high,II-BME
2026-09-15,Tuesday,3,10:50,11:40,21BMC202T,Biomedical Signals and Systems,theory,high,II-BME
2026-09-15,Tuesday,4,11:40,12:30,21MAB201T,Transforms and Boundary Value Problems,theory,high,II-BME
2026-09-15,Tuesday,6,13:20,14:10,21PDM201L,Verbal Reasoning,skill,high,II-BME
2026-09-15,Tuesday,7,14:10,15:00,21PDM201L,Verbal Reasoning,skill,high,II-BME
2026-09-16,Wednesday,1,09:00,09:50,21BMC202T,Biomedical Signals and Systems,theory,high,II-BME
2026-09-16,Wednesday,2,09:50,10:40,21BMC204J,Digital Logic for Medical Systems,theory,high,II-BME
2026-09-16,Wednesday,3,10:50,11:40,21MAB201T,Transforms and Boundary Value Problems,theory,high,II-BME
2026-09-16,Wednesday,6,13:20,14:10,21PDM201L,Verbal Reasoning,skill,high,II-BME
2026-09-16,Wednesday,7,14:10,15:00,21LEM202T,Universal Human Values-II,theory,high,II-BME
2026-09-17,Thursday,1,09:00,09:50,21MAB201T,Transforms and Boundary Value Problems,theory,high,II-BME
2026-09-17,Thursday,2,09:50,10:40,21PYS202T,Medical Physics,theory,high,II-BME
2026-09-17,Thursday,3,10:50,11:40,21BMC202T,Biomedical Signals and Systems,theory,high,II-BME
2026-09-17,Thursday,4,11:40,12:30,21BMC204J,Digital Logic for Medical Systems,theory,high,II-BME
2026-09-17,Thursday,8,15:10,16:00,21BMC203J|21BMC204J,Electric and Electronic Circuits | Digital Logic for Medical Systems,lab,low,II-BME
2026-09-17,Thursday,9,16:00,16:50,21BMC203J|21BMC204J,Electric and Electronic Circuits | Digital Logic for Medical Systems,lab,low,II-BME
2026-09-18,Friday,1,09:00,09:50,21LEM201T,Professional Ethics,theory,high,II-BME
2026-09-18,Friday,2,09:50,10:40,21MAB201T,Transforms and Boundary Value Problems,theory,high,II-BME
2026-09-18,Friday,3,10:50,11:40,21BMC203J,Electric and Electronic Circuits,theory,high,II-BME
2026-09-18,Friday,4,11:40,12:30,21BMC204J,Digital Logic for Medical Systems,theory,high,II-BME
2026-09-18,Friday,8,15:10,16:00,21LEM202T,Universal Human Values-II,theory,high,II-BME
2026-09-18,Friday,9,16:00,16:50,21LEM202T,Universal Human Values-II,theory,high,II-BME
2026-09-21,Monday,1,09:00,09:50,21PYS202T,Medical Physics,theory,high,II-BME
2026-09-21,Monday,2,09:50,10:40,21BMC203J,Electric and Electronic Circuits,theory,high,II-BME
2026-09-21,Monday,3,10:50,11:40,21PDH201T,Social Engineering,theory,high,II-BME
2026-09-21,Monday,4,11:40,12:30,21PDH201T,Social Engineering,theory,high,II-BME
2026-09-21,Monday,6,13:20,14:10,21BMC203J|21BMC204J,Electric and Electronic Circuits | Digital Logic for Medical Systems,lab,low,II-BME
2026-09-21,Monday,7,14:10,15:00,21BMC203J|21BMC204J,Electric and Electronic Circuits | Digital Logic for Medical Systems,lab,low,II-BME
2026-09-22,Tuesday,1,09:00,09:50,21BMC203J,Electric and Electronic Circuits,theory,high,II-BME
2026-09-22,Tuesday,2,09:50,10:40,21PYS202T,Medical Physics,theory,high,II-BME
2026-09-22,Tuesday,3,10:50,11:40,21BMC202T,Biomedical Signals and Systems,theory,high,II-BME
2026-09-22,Tuesday,4,11:40,12:30,21MAB201T,Transforms and Boundary Value Problems,theory,high,II-BME
2026-09-22,Tuesday,6,13:20,14:10,21PDM201L,Verbal Reasoning,skill,high,II-BME
2026-09-22,Tuesday,7,14:10,15:00,21PDM201L,Verbal Reasoning,skill,high,II-BME
2026-09-23,Wednesday,1,09:00,09:50,21BMC202T,Biomedical Signals and Systems,theory,high,II-BME
2026-09-23,Wednesday,2,09:50,10:40,21BMC204J,Digital Logic for Medical Systems,theory,high,II-BME
2026-09-23,Wednesday,3,10:50,11:40,21MAB201T,Transforms and Boundary Value Problems,theory,high,II-BME
2026-09-23,Wednesday,6,13:20,14:10,21PDM201L,Verbal Reasoning,skill,high,II-BME
2026-09-23,Wednesday,7,14:10,15:00,21LEM202T,Universal Human Values-II,theory,high,II-BME
2026-09-24,Thursday,1,09:00,09:50,21MAB201T,Transforms and Boundary Value Problems,theory,high,II-BME
2026-09-24,Thursday,2,09:50,10:40,21PYS202T,Medical Physics,theory,high,II-BME
2026-09-24,Thursday,3,10:50,11:40,21BMC202T,Biomedical Signals and Systems,theory,high,II-BME
2026-09-24,Thursday,4,11:40,12:30,21BMC204J,Digital Logic for Medical Systems,theory,high,II-BME
2026-09-24,Thursday,8,15:10,16:00,21BMC203J|21BMC204J,Electric and Electronic Circuits | Digital Logic for Medical Systems,lab,low,II-BME
2026-09-24,Thursday,9,16:00,16:50,21BMC203J|21BMC204J,Electric and Electronic Circuits | Digital Logic for Medical Systems,lab,low,II-BME
2026-09-25,Friday,1,09:00,09:50,21LEM201T,Professional Ethics,theory,high,II-BME
2026-09-25,Friday,2,09:50,10:40,21MAB201T,Transforms and Boundary Value Problems,theory,high,II-BME
2026-09-25,Friday,3,10:50,11:40,21BMC203J,Electric and Electronic Circuits,theory,high,II-BME
2026-09-25,Friday,4,11:40,12:30,21BMC204J,Digital Logic for Medical Systems,theory,high,II-BME
2026-09-25,Friday,8,15:10,16:00,21LEM202T,Universal Human Values-II,theory,high,II-BME
2026-09-25,Friday,9,16:00,16:50,21LEM202T,Universal Human Values-II,theory,high,II-BME
2026-09-28,Monday,1,09:00,09:50,21PYS202T,Medical Physics,theory,high,II-BME
2026-09-28,Monday,2,09:50,10:40,21BMC203J,Electric and Electronic Circuits,theory,high,II-BME
2026-09-28,Monday,3,10:50,11:40,21PDH201T,Social Engineering,theory,high,II-BME
2026-09-28,Monday,4,11:40,12:30,21PDH201T,Social Engineering,theory,high,II-BME
2026-09-28,Monday,6,13:20,14:10,21BMC203J|21BMC204J,Electric and Electronic Circuits | Digital Logic for Medical Systems,lab,low,II-BME
2026-09-28,Monday,7,14:10,15:00,21BMC203J|21BMC204J,Electric and Electronic Circuits | Digital Logic for Medical Systems,lab,low,II-BME
2026-09-29,Tuesday,1,09:00,09:50,21BMC203J,Electric and Electronic Circuits,theory,high,II-BME
2026-09-29,Tuesday,2,09:50,10:40,21PYS202T,Medical Physics,theory,high,II-BME
2026-09-29,Tuesday,3,10:50,11:40,21BMC202T,Biomedical Signals and Systems,theory,high,II-BME
2026-09-29,Tuesday,4,11:40,12:30,21MAB201T,Transforms and Boundary Value Problems,theory,high,II-BME
2026-09-29,Tuesday,6,13:20,14:10,21PDM201L,Verbal Reasoning,skill,high,II-BME
2026-09-29,Tuesday,7,14:10,15:00,21PDM201L,Verbal Reasoning,skill,high,II-BME
2026-09-30,Wednesday,1,09:00,09:50,21BMC202T,Biomedical Signals and Systems,theory,high,II-BME
2026-09-30,Wednesday,2,09:50,10:40,21BMC204J,Digital Logic for Medical Systems,theory,high,II-BME
2026-09-30,Wednesday,3,10:50,11:40,21MAB201T,Transforms and Boundary Value Problems,theory,high,II-BME
2026-09-30,Wednesday,6,13:20,14:10,21PDM201L,Verbal Reasoning,skill,high,II-BME
2026-09-30,Wednesday,7,14:10,15:00,21LEM202T,Universal Human Values-II,theory,high,II-BME
2026-10-01,Thursday,1,09:00,09:50,21MAB201T,Transforms and Boundary Value Problems,theory,high,II-BME
2026-10-01,Thursday,2,09:50,10:40,21PYS202T,Medical Physics,theory,high,II-BME
2026-10-01,Thursday,3,10:50,11:40,21BMC202T,Biomedical Signals and Systems,theory,high,II-BME
2026-10-01,Thursday,4,11:40,12:30,21BMC204J,Digital Logic for Medical Systems,theory,high,II-BME
2026-10-01,Thursday,8,15:10,16:00,21BMC203J|21BMC204J,Electric and Electronic Circuits | Digital Logic for Medical Systems,lab,low,II-BME
2026-10-01,Thursday,9,16:00,16:50,21BMC203J|21BMC204J,Electric and Electronic Circuits | Digital Logic for Medical Systems,lab,low,II-BME
2026-10-02,Friday,1,09:00,09:50,21LEM201T,Professional Ethics,theory,high,II-BME
2026-10-02,Friday,2,09:50,10:40,21MAB201T,Transforms and Boundary Value Problems,theory,high,II-BME
2026-10-02,Friday,3,10:50,11:40,21BMC203J,Electric and Electronic Circuits,theory,high,II-BME
2026-10-02,Friday,4,11:40,12:30,21BMC204J,Digital Logic for Medical Systems,theory,high,II-BME
2026-10-02,Friday,8,15:10,16:00,21LEM202T,Universal Human Values-II,theory,high,II-BME
2026-10-02,Friday,9,16:00,16:50,21LEM202T,Universal Human Values-II,theory,high,II-BME
2026-10-05,Monday,1,09:00,09:50,21PYS202T,Medical Physics,theory,high,II-BME
2026-10-05,Monday,2,09:50,10:40,21BMC203J,Electric and Electronic Circuits,theory,high,II-BME
2026-10-05,Monday,3,10:50,11:40,21PDH201T,Social Engineering,theory,high,II-BME
2026-10-05,Monday,4,11:40,12:30,21PDH201T,Social Engineering,theory,high,II-BME
2026-10-05,Monday,6,13:20,14:10,21BMC203J|21BMC204J,Electric and Electronic Circuits | Digital Logic for Medical Systems,lab,low,II-BME
2026-10-05,Monday,7,14:10,15:00,21BMC203J|21BMC204J,Electric and Electronic Circuits | Digital Logic for Medical Systems,lab,low,II-BME
2026-10-06,Tuesday,1,09:00,09:50,21BMC203J,Electric and Electronic Circuits,theory,high,II-BME
2026-10-06,Tuesday,2,09:50,10:40,21PYS202T,Medical Physics,theory,high,II-BME
2026-10-06,Tuesday,3,10:50,11:40,21BMC202T,Biomedical Signals and Systems,theory,high,II-BME
2026-10-06,Tuesday,4,11:40,12:30,21MAB201T,Transforms and Boundary Value Problems,theory,high,II-BME
2026-10-06,Tuesday,6,13:20,14:10,21PDM201L,Verbal Reasoning,skill,high,II-BME
2026-10-06,Tuesday,7,14:10,15:00,21PDM201L,Verbal Reasoning,skill,high,II-BME
2026-10-07,Wednesday,1,09:00,09:50,21BMC202T,Biomedical Signals and Systems,theory,high,II-BME
2026-10-07,Wednesday,2,09:50,10:40,21BMC204J,Digital Logic for Medical Systems,theory,high,II-BME
2026-10-07,Wednesday,3,10:50,11:40,21MAB201T,Transforms and Boundary Value Problems,theory,high,II-BME
2026-10-07,Wednesday,6,13:20,14:10,21PDM201L,Verbal Reasoning,skill,high,II-BME
2026-10-07,Wednesday,7,14:10,15:00,21LEM202T,Universal Human Values-II,theory,high,II-BME
2026-10-08,Thursday,1,09:00,09:50,21MAB201T,Transforms and Boundary Value Problems,theory,high,II-BME
2026-10-08,Thursday,2,09:50,10:40,21PYS202T,Medical Physics,theory,high,II-BME
2026-10-08,Thursday,3,10:50,11:40,21BMC202T,Biomedical Signals and Systems,theory,high,II-BME
2026-10-08,Thursday,4,11:40,12:30,21BMC204J,Digital Logic for Medical Systems,theory,high,II-BME
2026-10-08,Thursday,8,15:10,16:00,21BMC203J|21BMC204J,Electric and Electronic Circuits | Digital Logic for Medical Systems,lab,low,II-BME
2026-10-08,Thursday,9,16:00,16:50,21BMC203J|21BMC204J,Electric and Electronic Circuits | Digital Logic for Medical Systems,lab,low,II-BME
2026-10-09,Friday,1,09:00,09:50,21LEM201T,Professional Ethics,theory,high,II-BME
2026-10-09,Friday,2,09:50,10:40,21MAB201T,Transforms and Boundary Value Problems,theory,high,II-BME
2026-10-09,Friday,3,10:50,11:40,21BMC203J,Electric and Electronic Circuits,theory,high,II-BME
2026-10-09,Friday,4,11:40,12:30,21BMC204J,Digital Logic for Medical Systems,theory,high,II-BME
2026-10-09,Friday,8,15:10,16:00,21LEM202T,Universal Human Values-II,theory,high,II-BME
2026-10-09,Friday,9,16:00,16:50,21LEM202T,Universal Human Values-II,theory,high,II-BME
2026-10-12,Monday,1,09:00,09:50,21PYS202T,Medical Physics,theory,high,II-BME
2026-10-12,Monday,2,09:50,10:40,21BMC203J,Electric and Electronic Circuits,theory,high,II-BME
2026-10-12,Monday,3,10:50,11:40,21PDH201T,Social Engineering,theory,high,II-BME
2026-10-12,Monday,4,11:40,12:30,21PDH201T,Social Engineering,theory,high,II-BME
2026-10-12,Monday,6,13:20,14:10,21BMC203J|21BMC204J,Electric and Electronic Circuits | Digital Logic for Medical Systems,lab,low,II-BME
2026-10-12,Monday,7,14:10,15:00,21BMC203J|21BMC204J,Electric and Electronic Circuits | Digital Logic for Medical Systems,lab,low,II-BME
2026-10-13,Tuesday,1,09:00,09:50,21BMC203J,Electric and Electronic Circuits,theory,high,II-BME
2026-10-13,Tuesday,2,09:50,10:40,21PYS202T,Medical Physics,theory,high,II-BME
2026-10-13,Tuesday,3,10:50,11:40,21BMC202T,Biomedical Signals and Systems,theory,high,II-BME
2026-10-13,Tuesday,4,11:40,12:30,21MAB201T,Transforms and Boundary Value Problems,theory,high,II-BME
2026-10-13,Tuesday,6,13:20,14:10,21PDM201L,Verbal Reasoning,skill,high,II-BME
2026-10-13,Tuesday,7,14:10,15:00,21PDM201L,Verbal Reasoning,skill,high,II-BME
2026-10-14,Wednesday,1,09:00,09:50,21BMC202T,Biomedical Signals and Systems,theory,high,II-BME
2026-10-14,Wednesday,2,09:50,10:40,21BMC204J,Digital Logic for Medical Systems,theory,high,II-BME
2026-10-14,Wednesday,3,10:50,11:40,21MAB201T,Transforms and Boundary Value Problems,theory,high,II-BME
2026-10-14,Wednesday,6,13:20,14:10,21PDM201L,Verbal Reasoning,skill,high,II-BME
2026-10-14,Wednesday,7,14:10,15:00,21LEM202T,Universal Human Values-II,theory,high,II-BME
2026-10-15,Thursday,1,09:00,09:50,21MAB201T,Transforms and Boundary Value Problems,theory,high,II-BME
2026-10-15,Thursday,2,09:50,10:40,21PYS202T,Medical Physics,theory,high,II-BME
2026-10-15,Thursday,3,10:50,11:40,21BMC202T,Biomedical Signals and Systems,theory,high,II-BME
2026-10-15,Thursday,4,11:40,12:30,21BMC204J,Digital Logic for Medical Systems,theory,high,II-BME
2026-10-15,Thursday,8,15:10,16:00,21BMC203J|21BMC204J,Electric and Electronic Circuits | Digital Logic for Medical Systems,lab,low,II-BME
2026-10-15,Thursday,9,16:00,16:50,21BMC203J|21BMC204J,Electric and Electronic Circuits | Digital Logic for Medical Systems,lab,low,II-BME
2026-10-16,Friday,1,09:00,09:50,21LEM201T,Professional Ethics,theory,high,II-BME
2026-10-16,Friday,2,09:50,10:40,21MAB201T,Transforms and Boundary Value Problems,theory,high,II-BME
2026-10-16,Friday,3,10:50,11:40,21BMC203J,Electric and Electronic Circuits,theory,high,II-BME
2026-10-16,Friday,4,11:40,12:30,21BMC204J,Digital Logic for Medical Systems,theory,high,II-BME
2026-10-16,Friday,8,15:10,16:00,21LEM202T,Universal Human Values-II,theory,high,II-BME
2026-10-16,Friday,9,16:00,16:50,21LEM202T,Universal Human Values-II,theory,high,II-BME
2026-10-19,Monday,1,09:00,09:50,21PYS202T,Medical Physics,theory,high,II-BME
2026-10-19,Monday,2,09:50,10:40,21BMC203J,Electric and Electronic Circuits,theory,high,II-BME
2026-10-19,Monday,3,10:50,11:40,21PDH201T,Social Engineering,theory,high,II-BME
2026-10-19,Monday,4,11:40,12:30,21PDH201T,Social Engineering,theory,high,II-BME
2026-10-19,Monday,6,13:20,14:10,21BMC203J|21BMC204J,Electric and Electronic Circuits | Digital Logic for Medical Systems,lab,low,II-BME
2026-10-19,Monday,7,14:10,15:00,21BMC203J|21BMC204J,Electric and Electronic Circuits | Digital Logic for Medical Systems,lab,low,II-BME
2026-10-20,Tuesday,1,09:00,09:50,21BMC203J,Electric and Electronic Circuits,theory,high,II-BME
2026-10-20,Tuesday,2,09:50,10:40,21PYS202T,Medical Physics,theory,high,II-BME
2026-10-20,Tuesday,3,10:50,11:40,21BMC202T,Biomedical Signals and Systems,theory,high,II-BME
2026-10-20,Tuesday,4,11:40,12:30,21MAB201T,Transforms and Boundary Value Problems,theory,high,II-BME
2026-10-20,Tuesday,6,13:20,14:10,21PDM201L,Verbal Reasoning,skill,high,II-BME
2026-10-20,Tuesday,7,14:10,15:00,21PDM201L,Verbal Reasoning,skill,high,II-BME
2026-10-21,Wednesday,1,09:00,09:50,21BMC202T,Biomedical Signals and Systems,theory,high,II-BME
2026-10-21,Wednesday,2,09:50,10:40,21BMC204J,Digital Logic for Medical Systems,theory,high,II-BME
2026-10-21,Wednesday,3,10:50,11:40,21MAB201T,Transforms and Boundary Value Problems,theory,high,II-BME
2026-10-21,Wednesday,6,13:20,14:10,21PDM201L,Verbal Reasoning,skill,high,II-BME
2026-10-21,Wednesday,7,14:10,15:00,21LEM202T,Universal Human Values-II,theory,high,II-BME
2026-10-22,Thursday,1,09:00,09:50,21MAB201T,Transforms and Boundary Value Problems,theory,high,II-BME
2026-10-22,Thursday,2,09:50,10:40,21PYS202T,Medical Physics,theory,high,II-BME
2026-10-22,Thursday,3,10:50,11:40,21BMC202T,Biomedical Signals and Systems,theory,high,II-BME
2026-10-22,Thursday,4,11:40,12:30,21BMC204J,Digital Logic for Medical Systems,theory,high,II-BME
2026-10-22,Thursday,8,15:10,16:00,21BMC203J|21BMC204J,Electric and Electronic Circuits | Digital Logic for Medical Systems,lab,low,II-BME
2026-10-22,Thursday,9,16:00,16:50,21BMC203J|21BMC204J,Electric and Electronic Circuits | Digital Logic for Medical Systems,lab,low,II-BME
2026-10-23,Friday,1,09:00,09:50,21LEM201T,Professional Ethics,theory,high,II-BME
2026-10-23,Friday,2,09:50,10:40,21MAB201T,Transforms and Boundary Value Problems,theory,high,II-BME
2026-10-23,Friday,3,10:50,11:40,21BMC203J,Electric and Electronic Circuits,theory,high,II-BME
2026-10-23,Friday,4,11:40,12:30,21BMC204J,Digital Logic for Medical Systems,theory,high,II-BME
2026-10-23,Friday,8,15:10,16:00,21LEM202T,Universal Human Values-II,theory,high,II-BME
2026-10-23,Friday,9,16:00,16:50,21LEM202T,Universal Human Values-II,theory,high,II-BME
2026-10-26,Monday,1,09:00,09:50,21PYS202T,Medical Physics,theory,high,II-BME
2026-10-26,Monday,2,09:50,10:40,21BMC203J,Electric and Electronic Circuits,theory,high,II-BME
2026-10-26,Monday,3,10:50,11:40,21PDH201T,Social Engineering,theory,high,II-BME
2026-10-26,Monday,4,11:40,12:30,21PDH201T,Social Engineering,theory,high,II-BME
2026-10-26,Monday,6,13:20,14:10,21BMC203J|21BMC204J,Electric and Electronic Circuits | Digital Logic for Medical Systems,lab,low,II-BME
2026-10-26,Monday,7,14:10,15:00,21BMC203J|21BMC204J,Electric and Electronic Circuits | Digital Logic for Medical Systems,lab,low,II-BME
2026-10-27,Tuesday,1,09:00,09:50,21BMC203J,Electric and Electronic Circuits,theory,high,II-BME
2026-10-27,Tuesday,2,09:50,10:40,21PYS202T,Medical Physics,theory,high,II-BME
2026-10-27,Tuesday,3,10:50,11:40,21BMC202T,Biomedical Signals and Systems,theory,high,II-BME
2026-10-27,Tuesday,4,11:40,12:30,21MAB201T,Transforms and Boundary Value Problems,theory,high,II-BME
2026-10-27,Tuesday,6,13:20,14:10,21PDM201L,Verbal Reasoning,skill,high,II-BME
2026-10-27,Tuesday,7,14:10,15:00,21PDM201L,Verbal Reasoning,skill,high,II-BME
2026-10-28,Wednesday,1,09:00,09:50,21BMC202T,Biomedical Signals and Systems,theory,high,II-BME
2026-10-28,Wednesday,2,09:50,10:40,21BMC204J,Digital Logic for Medical Systems,theory,high,II-BME
2026-10-28,Wednesday,3,10:50,11:40,21MAB201T,Transforms and Boundary Value Problems,theory,high,II-BME
2026-10-28,Wednesday,6,13:20,14:10,21PDM201L,Verbal Reasoning,skill,high,II-BME
2026-10-28,Wednesday,7,14:10,15:00,21LEM202T,Universal Human Values-II,theory,high,II-BME
2026-10-29,Thursday,1,09:00,09:50,21MAB201T,Transforms and Boundary Value Problems,theory,high,II-BME
2026-10-29,Thursday,2,09:50,10:40,21PYS202T,Medical Physics,theory,high,II-BME
2026-10-29,Thursday,3,10:50,11:40,21BMC202T,Biomedical Signals and Systems,theory,high,II-BME
2026-10-29,Thursday,4,11:40,12:30,21BMC204J,Digital Logic for Medical Systems,theory,high,II-BME
2026-10-29,Thursday,8,15:10,16:00,21BMC203J|21BMC204J,Electric and Electronic Circuits | Digital Logic for Medical Systems,lab,low,II-BME
2026-10-29,Thursday,9,16:00,16:50,21BMC203J|21BMC204J,Electric and Electronic Circuits | Digital Logic for Medical Systems,lab,low,II-BME
2026-10-30,Friday,1,09:00,09:50,21LEM201T,Professional Ethics,theory,high,II-BME
2026-10-30,Friday,2,09:50,10:40,21MAB201T,Transforms and Boundary Value Problems,theory,high,II-BME
2026-10-30,Friday,3,10:50,11:40,21BMC203J,Electric and Electronic Circuits,theory,high,II-BME
2026-10-30,Friday,4,11:40,12:30,21BMC204J,Digital Logic for Medical Systems,theory,high,II-BME
2026-10-30,Friday,8,15:10,16:00,21LEM202T,Universal Human Values-II,theory,high,II-BME
2026-10-30,Friday,9,16:00,16:50,21LEM202T,Universal Human Values-II,theory,high,II-BME
2026-11-02,Monday,1,09:00,09:50,21PYS202T,Medical Physics,theory,high,II-BME
2026-11-02,Monday,2,09:50,10:40,21BMC203J,Electric and Electronic Circuits,theory,high,II-BME
2026-11-02,Monday,3,10:50,11:40,21PDH201T,Social Engineering,theory,high,II-BME
2026-11-02,Monday,4,11:40,12:30,21PDH201T,Social Engineering,theory,high,II-BME
2026-11-02,Monday,6,13:20,14:10,21BMC203J|21BMC204J,Electric and Electronic Circuits | Digital Logic for Medical Systems,lab,low,II-BME
2026-11-02,Monday,7,14:10,15:00,21BMC203J|21BMC204J,Electric and Electronic Circuits | Digital Logic for Medical Systems,lab,low,II-BME
2026-11-03,Tuesday,1,09:00,09:50,21BMC203J,Electric and Electronic Circuits,theory,high,II-BME
2026-11-03,Tuesday,2,09:50,10:40,21PYS202T,Medical Physics,theory,high,II-BME
2026-11-03,Tuesday,3,10:50,11:40,21BMC202T,Biomedical Signals and Systems,theory,high,II-BME
2026-11-03,Tuesday,4,11:40,12:30,21MAB201T,Transforms and Boundary Value Problems,theory,high,II-BME
2026-11-03,Tuesday,6,13:20,14:10,21PDM201L,Verbal Reasoning,skill,high,II-BME
2026-11-03,Tuesday,7,14:10,15:00,21PDM201L,Verbal Reasoning,skill,high,II-BME
2026-11-04,Wednesday,1,09:00,09:50,21BMC202T,Biomedical Signals and Systems,theory,high,II-BME
2026-11-04,Wednesday,2,09:50,10:40,21BMC204J,Digital Logic for Medical Systems,theory,high,II-BME
2026-11-04,Wednesday,3,10:50,11:40,21MAB201T,Transforms and Boundary Value Problems,theory,high,II-BME
2026-11-04,Wednesday,6,13:20,14:10,21PDM201L,Verbal Reasoning,skill,high,II-BME
2026-11-04,Wednesday,7,14:10,15:00,21LEM202T,Universal Human Values-II,theory,high,II-BME
2026-11-05,Thursday,1,09:00,09:50,21MAB201T,Transforms and Boundary Value Problems,theory,high,II-BME
2026-11-05,Thursday,2,09:50,10:40,21PYS202T,Medical Physics,theory,high,II-BME
2026-11-05,Thursday,3,10:50,11:40,21BMC202T,Biomedical Signals and Systems,theory,high,II-BME
2026-11-05,Thursday,4,11:40,12:30,21BMC204J,Digital Logic for Medical Systems,theory,high,II-BME
2026-11-05,Thursday,8,15:10,16:00,21BMC203J|21BMC204J,Electric and Electronic Circuits | Digital Logic for Medical Systems,lab,low,II-BME
2026-11-05,Thursday,9,16:00,16:50,21BMC203J|21BMC204J,Electric and Electronic Circuits | Digital Logic for Medical Systems,lab,low,II-BME
2026-11-06,Friday,1,09:00,09:50,21LEM201T,Professional Ethics,theory,high,II-BME
2026-11-06,Friday,2,09:50,10:40,21MAB201T,Transforms and Boundary Value Problems,theory,high,II-BME
2026-11-06,Friday,3,10:50,11:40,21BMC203J,Electric and Electronic Circuits,theory,high,II-BME
2026-11-06,Friday,4,11:40,12:30,21BMC204J,Digital Logic for Medical Systems,theory,high,II-BME
2026-11-06,Friday,8,15:10,16:00,21LEM202T,Universal Human Values-II,theory,high,II-BME
2026-11-06,Friday,9,16:00,16:50,21LEM202T,Universal Human Values-II,theory,high,II-BME
2026-11-09,Monday,1,09:00,09:50,21PYS202T,Medical Physics,theory,high,II-BME
2026-11-09,Monday,2,09:50,10:40,21BMC203J,Electric and Electronic Circuits,theory,high,II-BME
2026-11-09,Monday,3,10:50,11:40,21PDH201T,Social Engineering,theory,high,II-BME
2026-11-09,Monday,4,11:40,12:30,21PDH201T,Social Engineering,theory,high,II-BME
2026-11-09,Monday,6,13:20,14:10,21BMC203J|21BMC204J,Electric and Electronic Circuits | Digital Logic for Medical Systems,lab,low,II-BME
2026-11-09,Monday,7,14:10,15:00,21BMC203J|21BMC204J,Electric and Electronic Circuits | Digital Logic for Medical Systems,lab,low,II-BME
2026-11-10,Tuesday,1,09:00,09:50,21BMC203J,Electric and Electronic Circuits,theory,high,II-BME
2026-11-10,Tuesday,2,09:50,10:40,21PYS202T,Medical Physics,theory,high,II-BME
2026-11-10,Tuesday,3,10:50,11:40,21BMC202T,Biomedical Signals and Systems,theory,high,II-BME
2026-11-10,Tuesday,4,11:40,12:30,21MAB201T,Transforms and Boundary Value Problems,theory,high,II-BME
2026-11-10,Tuesday,6,13:20,14:10,21PDM201L,Verbal Reasoning,skill,high,II-BME
2026-11-10,Tuesday,7,14:10,15:00,21PDM201L,Verbal Reasoning,skill,high,II-BME
2026-11-11,Wednesday,1,09:00,09:50,21BMC202T,Biomedical Signals and Systems,theory,high,II-BME
2026-11-11,Wednesday,2,09:50,10:40,21BMC204J,Digital Logic for Medical Systems,theory,high,II-BME
2026-11-11,Wednesday,3,10:50,11:40,21MAB201T,Transforms and Boundary Value Problems,theory,high,II-BME
2026-11-11,Wednesday,6,13:20,14:10,21PDM201L,Verbal Reasoning,skill,high,II-BME
2026-11-11,Wednesday,7,14:10,15:00,21LEM202T,Universal Human Values-II,theory,high,II-BME
2026-11-12,Thursday,1,09:00,09:50,21MAB201T,Transforms and Boundary Value Problems,theory,high,II-BME
2026-11-12,Thursday,2,09:50,10:40,21PYS202T,Medical Physics,theory,high,II-BME
2026-11-12,Thursday,3,10:50,11:40,21BMC202T,Biomedical Signals and Systems,theory,high,II-BME
2026-11-12,Thursday,4,11:40,12:30,21BMC204J,Digital Logic for Medical Systems,theory,high,II-BME
2026-11-12,Thursday,8,15:10,16:00,21BMC203J|21BMC204J,Electric and Electronic Circuits | Digital Logic for Medical Systems,lab,low,II-BME
2026-11-12,Thursday,9,16:00,16:50,21BMC203J|21BMC204J,Electric and Electronic Circuits | Digital Logic for Medical Systems,lab,low,II-BME
2026-11-13,Friday,1,09:00,09:50,21LEM201T,Professional Ethics,theory,high,II-BME
2026-11-13,Friday,2,09:50,10:40,21MAB201T,Transforms and Boundary Value Problems,theory,high,II-BME
2026-11-13,Friday,3,10:50,11:40,21BMC203J,Electric and Electronic Circuits,theory,high,II-BME
2026-11-13,Friday,4,11:40,12:30,21BMC204J,Digital Logic for Medical Systems,theory,high,II-BME
2026-11-13,Friday,8,15:10,16:00,21LEM202T,Universal Human Values-II,theory,high,II-BME
2026-11-13,Friday,9,16:00,16:50,21LEM202T,Universal Human Values-II,theory,high,II-BME
2026-11-16,Monday,1,09:00,09:50,21PYS202T,Medical Physics,theory,high,II-BME
2026-11-16,Monday,2,09:50,10:40,21BMC203J,Electric and Electronic Circuits,theory,high,II-BME
2026-11-16,Monday,3,10:50,11:40,21PDH201T,Social Engineering,theory,high,II-BME
2026-11-16,Monday,4,11:40,12:30,21PDH201T,Social Engineering,theory,high,II-BME
2026-11-16,Monday,6,13:20,14:10,21BMC203J|21BMC204J,Electric and Electronic Circuits | Digital Logic for Medical Systems,lab,low,II-BME
2026-11-16,Monday,7,14:10,15:00,21BMC203J|21BMC204J,Electric and Electronic Circuits | Digital Logic for Medical Systems,lab,low,II-BME
2026-11-17,Tuesday,1,09:00,09:50,21BMC203J,Electric and Electronic Circuits,theory,high,II-BME
2026-11-17,Tuesday,2,09:50,10:40,21PYS202T,Medical Physics,theory,high,II-BME
2026-11-17,Tuesday,3,10:50,11:40,21BMC202T,Biomedical Signals and Systems,theory,high,II-BME
2026-11-17,Tuesday,4,11:40,12:30,21MAB201T,Transforms and Boundary Value Problems,theory,high,II-BME
2026-11-17,Tuesday,6,13:20,14:10,21PDM201L,Verbal Reasoning,skill,high,II-BME
2026-11-17,Tuesday,7,14:10,15:00,21PDM201L,Verbal Reasoning,skill,high,II-BME
2026-11-18,Wednesday,1,09:00,09:50,21BMC202T,Biomedical Signals and Systems,theory,high,II-BME
2026-11-18,Wednesday,2,09:50,10:40,21BMC204J,Digital Logic for Medical Systems,theory,high,II-BME
2026-11-18,Wednesday,3,10:50,11:40,21MAB201T,Transforms and Boundary Value Problems,theory,high,II-BME
2026-11-18,Wednesday,6,13:20,14:10,21PDM201L,Verbal Reasoning,skill,high,II-BME
2026-11-18,Wednesday,7,14:10,15:00,21LEM202T,Universal Human Values-II,theory,high,II-BME
2026-11-19,Thursday,1,09:00,09:50,21MAB201T,Transforms and Boundary Value Problems,theory,high,II-BME
2026-11-19,Thursday,2,09:50,10:40,21PYS202T,Medical Physics,theory,high,II-BME
2026-11-19,Thursday,3,10:50,11:40,21BMC202T,Biomedical Signals and Systems,theory,high,II-BME
2026-11-19,Thursday,4,11:40,12:30,21BMC204J,Digital Logic for Medical Systems,theory,high,II-BME
2026-11-19,Thursday,8,15:10,16:00,21BMC203J|21BMC204J,Electric and Electronic Circuits | Digital Logic for Medical Systems,lab,low,II-BME
2026-11-19,Thursday,9,16:00,16:50,21BMC203J|21BMC204J,Electric and Electronic Circuits | Digital Logic for Medical Systems,lab,low,II-BME
2026-11-20,Friday,1,09:00,09:50,21LEM201T,Professional Ethics,theory,high,II-BME
2026-11-20,Friday,2,09:50,10:40,21MAB201T,Transforms and Boundary Value Problems,theory,high,II-BME
2026-11-20,Friday,3,10:50,11:40,21BMC203J,Electric and Electronic Circuits,theory,high,II-BME
2026-11-20,Friday,4,11:40,12:30,21BMC204J,Digital Logic for Medical Systems,theory,high,II-BME
2026-11-20,Friday,8,15:10,16:00,21LEM202T,Universal Human Values-II,theory,high,II-BME
2026-11-20,Friday,9,16:00,16:50,21LEM202T,Universal Human Values-II,theory,high,II-BME
2026-11-23,Monday,1,09:00,09:50,21PYS202T,Medical Physics,theory,high,II-BME
2026-11-23,Monday,2,09:50,10:40,21BMC203J,Electric and Electronic Circuits,theory,high,II-BME
2026-11-23,Monday,3,10:50,11:40,21PDH201T,Social Engineering,theory,high,II-BME
2026-11-23,Monday,4,11:40,12:30,21PDH201T,Social Engineering,theory,high,II-BME
2026-11-23,Monday,6,13:20,14:10,21BMC203J|21BMC204J,Electric and Electronic Circuits | Digital Logic for Medical Systems,lab,low,II-BME
2026-11-23,Monday,7,14:10,15:00,21BMC203J|21BMC204J,Electric and Electronic Circuits | Digital Logic for Medical Systems,lab,low,II-BME
2026-11-24,Tuesday,1,09:00,09:50,21BMC203J,Electric and Electronic Circuits,theory,high,II-BME
2026-11-24,Tuesday,2,09:50,10:40,21PYS202T,Medical Physics,theory,high,II-BME
2026-11-24,Tuesday,3,10:50,11:40,21BMC202T,Biomedical Signals and Systems,theory,high,II-BME
2026-11-24,Tuesday,4,11:40,12:30,21MAB201T,Transforms and Boundary Value Problems,theory,high,II-BME
2026-11-24,Tuesday,6,13:20,14:10,21PDM201L,Verbal Reasoning,skill,high,II-BME
2026-11-24,Tuesday,7,14:10,15:00,21PDM201L,Verbal Reasoning,skill,high,II-BME
2026-11-25,Wednesday,1,09:00,09:50,21BMC202T,Biomedical Signals and Systems,theory,high,II-BME
2026-11-25,Wednesday,2,09:50,10:40,21BMC204J,Digital Logic for Medical Systems,theory,high,II-BME
2026-11-25,Wednesday,3,10:50,11:40,21MAB201T,Transforms and Boundary Value Problems,theory,high,II-BME
2026-11-25,Wednesday,6,13:20,14:10,21PDM201L,Verbal Reasoning,skill,high,II-BME
2026-11-25,Wednesday,7,14:10,15:00,21LEM202T,Universal Human Values-II,theory,high,II-BME
2026-11-26,Thursday,1,09:00,09:50,21MAB201T,Transforms and Boundary Value Problems,theory,high,II-BME
2026-11-26,Thursday,2,09:50,10:40,21PYS202T,Medical Physics,theory,high,II-BME
2026-11-26,Thursday,3,10:50,11:40,21BMC202T,Biomedical Signals and Systems,theory,high,II-BME
2026-11-26,Thursday,4,11:40,12:30,21BMC204J,Digital Logic for Medical Systems,theory,high,II-BME
2026-11-26,Thursday,8,15:10,16:00,21BMC203J|21BMC204J,Electric and Electronic Circuits | Digital Logic for Medical Systems,lab,low,II-BME
2026-11-26,Thursday,9,16:00,16:50,21BMC203J|21BMC204J,Electric and Electronic Circuits | Digital Logic for Medical Systems,lab,low,II-BME
2026-11-27,Friday,1,09:00,09:50,21LEM201T,Professional Ethics,theory,high,II-BME
2026-11-27,Friday,2,09:50,10:40,21MAB201T,Transforms and Boundary Value Problems,theory,high,II-BME
2026-11-27,Friday,3,10:50,11:40,21BMC203J,Electric and Electronic Circuits,theory,high,II-BME
2026-11-27,Friday,4,11:40,12:30,21BMC204J,Digital Logic for Medical Systems,theory,high,II-BME
2026-11-27,Friday,8,15:10,16:00,21LEM202T,Universal Human Values-II,theory,high,II-BME
2026-11-27,Friday,9,16:00,16:50,21LEM202T,Universal Human Values-II,theory,high,II-BME
2026-08-31,Monday,1,09:00,09:50,21ECC205T,Electromagnetic Theory and Interference,theory,high,II-ECE-DS-A
2026-08-31,Monday,2,09:50,10:40,21MAB201T,Transforms and Boundary Value Problems,theory,high,II-ECE-DS-A
2026-08-31,Monday,3,10:50,11:40,21PDH209T,Social Engineering,theory,high,II-ECE-DS-A
2026-08-31,Monday,4,11:40,12:30,21PDH209T,Social Engineering,theory,high,II-ECE-DS-A
2026-08-31,Monday,6,13:20,14:10,21LEM202T,Universal Human Values-II,theory,high,II-ECE-DS-A
2026-08-31,Monday,7,14:10,15:00,21LEM202T,Universal Human Values-II,theory,high,II-ECE-DS-A
2026-08-31,Monday,8,15:10,16:00,21ECC211L,Devices and Digital IC Laboratory,lab,high,II-ECE-DS-A
2026-08-31,Monday,9,16:00,16:50,21ECC211L,Devices and Digital IC Laboratory,lab,high,II-ECE-DS-A
2026-09-01,Tuesday,1,09:00,09:50,21CSS201T,Computer Organization and Architecture,theory,high,II-ECE-DS-A
2026-09-01,Tuesday,2,09:50,10:40,21MAB201T,Transforms and Boundary Value Problems,theory,high,II-ECE-DS-A
2026-09-01,Tuesday,3,10:50,11:40,21ECC205T,Electromagnetic Theory and Interference,theory,high,II-ECE-DS-A
2026-09-01,Tuesday,4,11:40,12:30,21ECC203T,Digital Logic Design,theory,high,II-ECE-DS-A
2026-09-01,Tuesday,6,13:20,14:10,21LEM202T,Universal Human Values-II,theory,high,II-ECE-DS-A
2026-09-01,Tuesday,8,15:10,16:00,21PDM201L,Verbal Reasoning,skill,high,II-ECE-DS-A
2026-09-01,Tuesday,9,16:00,16:50,21PDM201L,Verbal Reasoning,skill,high,II-ECE-DS-A
2026-09-02,Wednesday,1,09:00,09:50,21MAB201T,Transforms and Boundary Value Problems,theory,high,II-ECE-DS-A
2026-09-02,Wednesday,2,09:50,10:40,21ECC201T,Solid State Devices,theory,high,II-ECE-DS-A
2026-09-02,Wednesday,3,10:50,11:40,21CSS201T,Computer Organization and Architecture,theory,high,II-ECE-DS-A
2026-09-02,Wednesday,4,11:40,12:30,21ECC203T,Digital Logic Design,theory,high,II-ECE-DS-A
2026-09-02,Wednesday,7,14:10,15:00,21PDM201L,Verbal Reasoning,skill,high,II-ECE-DS-A
2026-09-03,Thursday,1,09:00,09:50,21ECC201T,Solid State Devices,theory,high,II-ECE-DS-A
2026-09-03,Thursday,2,09:50,10:40,21CSS201T,Computer Organization and Architecture,theory,high,II-ECE-DS-A
2026-09-03,Thursday,3,10:50,11:40,21MAB201T,Transforms and Boundary Value Problems,theory,high,II-ECE-DS-A
2026-09-03,Thursday,4,11:40,12:30,21LEM201T,Professional Ethics,theory,high,II-ECE-DS-A
2026-09-03,Thursday,6,13:20,14:10,21ECC211L,Devices and Digital IC Laboratory,lab,high,II-ECE-DS-A
2026-09-03,Thursday,7,14:10,15:00,21ECC211L,Devices and Digital IC Laboratory,lab,high,II-ECE-DS-A
2026-09-04,Friday,1,09:00,09:50,21ECC203T,Digital Logic Design,theory,high,II-ECE-DS-A
2026-09-04,Friday,2,09:50,10:40,21ECC201T,Solid State Devices,theory,high,II-ECE-DS-A
2026-09-04,Friday,3,10:50,11:40,21ECC205T,Electromagnetic Theory and Interference,theory,high,II-ECE-DS-A
2026-09-04,Friday,4,11:40,12:30,21CSS201T,Computer Organization and Architecture,theory,high,II-ECE-DS-A
2026-09-07,Monday,1,09:00,09:50,21ECC205T,Electromagnetic Theory and Interference,theory,high,II-ECE-DS-A
2026-09-07,Monday,2,09:50,10:40,21MAB201T,Transforms and Boundary Value Problems,theory,high,II-ECE-DS-A
2026-09-07,Monday,3,10:50,11:40,21PDH209T,Social Engineering,theory,high,II-ECE-DS-A
2026-09-07,Monday,4,11:40,12:30,21PDH209T,Social Engineering,theory,high,II-ECE-DS-A
2026-09-07,Monday,6,13:20,14:10,21LEM202T,Universal Human Values-II,theory,high,II-ECE-DS-A
2026-09-07,Monday,7,14:10,15:00,21LEM202T,Universal Human Values-II,theory,high,II-ECE-DS-A
2026-09-07,Monday,8,15:10,16:00,21ECC211L,Devices and Digital IC Laboratory,lab,high,II-ECE-DS-A
2026-09-07,Monday,9,16:00,16:50,21ECC211L,Devices and Digital IC Laboratory,lab,high,II-ECE-DS-A
2026-09-08,Tuesday,1,09:00,09:50,21CSS201T,Computer Organization and Architecture,theory,high,II-ECE-DS-A
2026-09-08,Tuesday,2,09:50,10:40,21MAB201T,Transforms and Boundary Value Problems,theory,high,II-ECE-DS-A
2026-09-08,Tuesday,3,10:50,11:40,21ECC205T,Electromagnetic Theory and Interference,theory,high,II-ECE-DS-A
2026-09-08,Tuesday,4,11:40,12:30,21ECC203T,Digital Logic Design,theory,high,II-ECE-DS-A
2026-09-08,Tuesday,6,13:20,14:10,21LEM202T,Universal Human Values-II,theory,high,II-ECE-DS-A
2026-09-08,Tuesday,8,15:10,16:00,21PDM201L,Verbal Reasoning,skill,high,II-ECE-DS-A
2026-09-08,Tuesday,9,16:00,16:50,21PDM201L,Verbal Reasoning,skill,high,II-ECE-DS-A
2026-09-09,Wednesday,1,09:00,09:50,21MAB201T,Transforms and Boundary Value Problems,theory,high,II-ECE-DS-A
2026-09-09,Wednesday,2,09:50,10:40,21ECC201T,Solid State Devices,theory,high,II-ECE-DS-A
2026-09-09,Wednesday,3,10:50,11:40,21CSS201T,Computer Organization and Architecture,theory,high,II-ECE-DS-A
2026-09-09,Wednesday,4,11:40,12:30,21ECC203T,Digital Logic Design,theory,high,II-ECE-DS-A
2026-09-09,Wednesday,7,14:10,15:00,21PDM201L,Verbal Reasoning,skill,high,II-ECE-DS-A
2026-09-10,Thursday,1,09:00,09:50,21ECC201T,Solid State Devices,theory,high,II-ECE-DS-A
2026-09-10,Thursday,2,09:50,10:40,21CSS201T,Computer Organization and Architecture,theory,high,II-ECE-DS-A
2026-09-10,Thursday,3,10:50,11:40,21MAB201T,Transforms and Boundary Value Problems,theory,high,II-ECE-DS-A
2026-09-10,Thursday,4,11:40,12:30,21LEM201T,Professional Ethics,theory,high,II-ECE-DS-A
2026-09-10,Thursday,6,13:20,14:10,21ECC211L,Devices and Digital IC Laboratory,lab,high,II-ECE-DS-A
2026-09-10,Thursday,7,14:10,15:00,21ECC211L,Devices and Digital IC Laboratory,lab,high,II-ECE-DS-A
2026-09-11,Friday,1,09:00,09:50,21ECC203T,Digital Logic Design,theory,high,II-ECE-DS-A
2026-09-11,Friday,2,09:50,10:40,21ECC201T,Solid State Devices,theory,high,II-ECE-DS-A
2026-09-11,Friday,3,10:50,11:40,21ECC205T,Electromagnetic Theory and Interference,theory,high,II-ECE-DS-A
2026-09-11,Friday,4,11:40,12:30,21CSS201T,Computer Organization and Architecture,theory,high,II-ECE-DS-A
2026-09-14,Monday,1,09:00,09:50,21ECC205T,Electromagnetic Theory and Interference,theory,high,II-ECE-DS-A
2026-09-14,Monday,2,09:50,10:40,21MAB201T,Transforms and Boundary Value Problems,theory,high,II-ECE-DS-A
2026-09-14,Monday,3,10:50,11:40,21PDH209T,Social Engineering,theory,high,II-ECE-DS-A
2026-09-14,Monday,4,11:40,12:30,21PDH209T,Social Engineering,theory,high,II-ECE-DS-A
2026-09-14,Monday,6,13:20,14:10,21LEM202T,Universal Human Values-II,theory,high,II-ECE-DS-A
2026-09-14,Monday,7,14:10,15:00,21LEM202T,Universal Human Values-II,theory,high,II-ECE-DS-A
2026-09-14,Monday,8,15:10,16:00,21ECC211L,Devices and Digital IC Laboratory,lab,high,II-ECE-DS-A
2026-09-14,Monday,9,16:00,16:50,21ECC211L,Devices and Digital IC Laboratory,lab,high,II-ECE-DS-A
2026-09-15,Tuesday,1,09:00,09:50,21CSS201T,Computer Organization and Architecture,theory,high,II-ECE-DS-A
2026-09-15,Tuesday,2,09:50,10:40,21MAB201T,Transforms and Boundary Value Problems,theory,high,II-ECE-DS-A
2026-09-15,Tuesday,3,10:50,11:40,21ECC205T,Electromagnetic Theory and Interference,theory,high,II-ECE-DS-A
2026-09-15,Tuesday,4,11:40,12:30,21ECC203T,Digital Logic Design,theory,high,II-ECE-DS-A
2026-09-15,Tuesday,6,13:20,14:10,21LEM202T,Universal Human Values-II,theory,high,II-ECE-DS-A
2026-09-15,Tuesday,8,15:10,16:00,21PDM201L,Verbal Reasoning,skill,high,II-ECE-DS-A
2026-09-15,Tuesday,9,16:00,16:50,21PDM201L,Verbal Reasoning,skill,high,II-ECE-DS-A
2026-09-16,Wednesday,1,09:00,09:50,21MAB201T,Transforms and Boundary Value Problems,theory,high,II-ECE-DS-A
2026-09-16,Wednesday,2,09:50,10:40,21ECC201T,Solid State Devices,theory,high,II-ECE-DS-A
2026-09-16,Wednesday,3,10:50,11:40,21CSS201T,Computer Organization and Architecture,theory,high,II-ECE-DS-A
2026-09-16,Wednesday,4,11:40,12:30,21ECC203T,Digital Logic Design,theory,high,II-ECE-DS-A
2026-09-16,Wednesday,7,14:10,15:00,21PDM201L,Verbal Reasoning,skill,high,II-ECE-DS-A
2026-09-17,Thursday,1,09:00,09:50,21ECC201T,Solid State Devices,theory,high,II-ECE-DS-A
2026-09-17,Thursday,2,09:50,10:40,21CSS201T,Computer Organization and Architecture,theory,high,II-ECE-DS-A
2026-09-17,Thursday,3,10:50,11:40,21MAB201T,Transforms and Boundary Value Problems,theory,high,II-ECE-DS-A
2026-09-17,Thursday,4,11:40,12:30,21LEM201T,Professional Ethics,theory,high,II-ECE-DS-A
2026-09-17,Thursday,6,13:20,14:10,21ECC211L,Devices and Digital IC Laboratory,lab,high,II-ECE-DS-A
2026-09-17,Thursday,7,14:10,15:00,21ECC211L,Devices and Digital IC Laboratory,lab,high,II-ECE-DS-A
2026-09-18,Friday,1,09:00,09:50,21ECC203T,Digital Logic Design,theory,high,II-ECE-DS-A
2026-09-18,Friday,2,09:50,10:40,21ECC201T,Solid State Devices,theory,high,II-ECE-DS-A
2026-09-18,Friday,3,10:50,11:40,21ECC205T,Electromagnetic Theory and Interference,theory,high,II-ECE-DS-A
2026-09-18,Friday,4,11:40,12:30,21CSS201T,Computer Organization and Architecture,theory,high,II-ECE-DS-A
2026-09-21,Monday,1,09:00,09:50,21ECC205T,Electromagnetic Theory and Interference,theory,high,II-ECE-DS-A
2026-09-21,Monday,2,09:50,10:40,21MAB201T,Transforms and Boundary Value Problems,theory,high,II-ECE-DS-A
2026-09-21,Monday,3,10:50,11:40,21PDH209T,Social Engineering,theory,high,II-ECE-DS-A
2026-09-21,Monday,4,11:40,12:30,21PDH209T,Social Engineering,theory,high,II-ECE-DS-A
2026-09-21,Monday,6,13:20,14:10,21LEM202T,Universal Human Values-II,theory,high,II-ECE-DS-A
2026-09-21,Monday,7,14:10,15:00,21LEM202T,Universal Human Values-II,theory,high,II-ECE-DS-A
2026-09-21,Monday,8,15:10,16:00,21ECC211L,Devices and Digital IC Laboratory,lab,high,II-ECE-DS-A
2026-09-21,Monday,9,16:00,16:50,21ECC211L,Devices and Digital IC Laboratory,lab,high,II-ECE-DS-A
2026-09-22,Tuesday,1,09:00,09:50,21CSS201T,Computer Organization and Architecture,theory,high,II-ECE-DS-A
2026-09-22,Tuesday,2,09:50,10:40,21MAB201T,Transforms and Boundary Value Problems,theory,high,II-ECE-DS-A
2026-09-22,Tuesday,3,10:50,11:40,21ECC205T,Electromagnetic Theory and Interference,theory,high,II-ECE-DS-A
2026-09-22,Tuesday,4,11:40,12:30,21ECC203T,Digital Logic Design,theory,high,II-ECE-DS-A
2026-09-22,Tuesday,6,13:20,14:10,21LEM202T,Universal Human Values-II,theory,high,II-ECE-DS-A
2026-09-22,Tuesday,8,15:10,16:00,21PDM201L,Verbal Reasoning,skill,high,II-ECE-DS-A
2026-09-22,Tuesday,9,16:00,16:50,21PDM201L,Verbal Reasoning,skill,high,II-ECE-DS-A
2026-09-23,Wednesday,1,09:00,09:50,21MAB201T,Transforms and Boundary Value Problems,theory,high,II-ECE-DS-A
2026-09-23,Wednesday,2,09:50,10:40,21ECC201T,Solid State Devices,theory,high,II-ECE-DS-A
2026-09-23,Wednesday,3,10:50,11:40,21CSS201T,Computer Organization and Architecture,theory,high,II-ECE-DS-A
2026-09-23,Wednesday,4,11:40,12:30,21ECC203T,Digital Logic Design,theory,high,II-ECE-DS-A
2026-09-23,Wednesday,7,14:10,15:00,21PDM201L,Verbal Reasoning,skill,high,II-ECE-DS-A
2026-09-24,Thursday,1,09:00,09:50,21ECC201T,Solid State Devices,theory,high,II-ECE-DS-A
2026-09-24,Thursday,2,09:50,10:40,21CSS201T,Computer Organization and Architecture,theory,high,II-ECE-DS-A
2026-09-24,Thursday,3,10:50,11:40,21MAB201T,Transforms and Boundary Value Problems,theory,high,II-ECE-DS-A
2026-09-24,Thursday,4,11:40,12:30,21LEM201T,Professional Ethics,theory,high,II-ECE-DS-A
2026-09-24,Thursday,6,13:20,14:10,21ECC211L,Devices and Digital IC Laboratory,lab,high,II-ECE-DS-A
2026-09-24,Thursday,7,14:10,15:00,21ECC211L,Devices and Digital IC Laboratory,lab,high,II-ECE-DS-A
2026-09-25,Friday,1,09:00,09:50,21ECC203T,Digital Logic Design,theory,high,II-ECE-DS-A
2026-09-25,Friday,2,09:50,10:40,21ECC201T,Solid State Devices,theory,high,II-ECE-DS-A
2026-09-25,Friday,3,10:50,11:40,21ECC205T,Electromagnetic Theory and Interference,theory,high,II-ECE-DS-A
2026-09-25,Friday,4,11:40,12:30,21CSS201T,Computer Organization and Architecture,theory,high,II-ECE-DS-A
2026-09-28,Monday,1,09:00,09:50,21ECC205T,Electromagnetic Theory and Interference,theory,high,II-ECE-DS-A
2026-09-28,Monday,2,09:50,10:40,21MAB201T,Transforms and Boundary Value Problems,theory,high,II-ECE-DS-A
2026-09-28,Monday,3,10:50,11:40,21PDH209T,Social Engineering,theory,high,II-ECE-DS-A
2026-09-28,Monday,4,11:40,12:30,21PDH209T,Social Engineering,theory,high,II-ECE-DS-A
2026-09-28,Monday,6,13:20,14:10,21LEM202T,Universal Human Values-II,theory,high,II-ECE-DS-A
2026-09-28,Monday,7,14:10,15:00,21LEM202T,Universal Human Values-II,theory,high,II-ECE-DS-A
2026-09-28,Monday,8,15:10,16:00,21ECC211L,Devices and Digital IC Laboratory,lab,high,II-ECE-DS-A
2026-09-28,Monday,9,16:00,16:50,21ECC211L,Devices and Digital IC Laboratory,lab,high,II-ECE-DS-A
2026-09-29,Tuesday,1,09:00,09:50,21CSS201T,Computer Organization and Architecture,theory,high,II-ECE-DS-A
2026-09-29,Tuesday,2,09:50,10:40,21MAB201T,Transforms and Boundary Value Problems,theory,high,II-ECE-DS-A
2026-09-29,Tuesday,3,10:50,11:40,21ECC205T,Electromagnetic Theory and Interference,theory,high,II-ECE-DS-A
2026-09-29,Tuesday,4,11:40,12:30,21ECC203T,Digital Logic Design,theory,high,II-ECE-DS-A
2026-09-29,Tuesday,6,13:20,14:10,21LEM202T,Universal Human Values-II,theory,high,II-ECE-DS-A
2026-09-29,Tuesday,8,15:10,16:00,21PDM201L,Verbal Reasoning,skill,high,II-ECE-DS-A
2026-09-29,Tuesday,9,16:00,16:50,21PDM201L,Verbal Reasoning,skill,high,II-ECE-DS-A
2026-09-30,Wednesday,1,09:00,09:50,21MAB201T,Transforms and Boundary Value Problems,theory,high,II-ECE-DS-A
2026-09-30,Wednesday,2,09:50,10:40,21ECC201T,Solid State Devices,theory,high,II-ECE-DS-A
2026-09-30,Wednesday,3,10:50,11:40,21CSS201T,Computer Organization and Architecture,theory,high,II-ECE-DS-A
2026-09-30,Wednesday,4,11:40,12:30,21ECC203T,Digital Logic Design,theory,high,II-ECE-DS-A
2026-09-30,Wednesday,7,14:10,15:00,21PDM201L,Verbal Reasoning,skill,high,II-ECE-DS-A
2026-10-01,Thursday,1,09:00,09:50,21ECC201T,Solid State Devices,theory,high,II-ECE-DS-A
2026-10-01,Thursday,2,09:50,10:40,21CSS201T,Computer Organization and Architecture,theory,high,II-ECE-DS-A
2026-10-01,Thursday,3,10:50,11:40,21MAB201T,Transforms and Boundary Value Problems,theory,high,II-ECE-DS-A
2026-10-01,Thursday,4,11:40,12:30,21LEM201T,Professional Ethics,theory,high,II-ECE-DS-A
2026-10-01,Thursday,6,13:20,14:10,21ECC211L,Devices and Digital IC Laboratory,lab,high,II-ECE-DS-A
2026-10-01,Thursday,7,14:10,15:00,21ECC211L,Devices and Digital IC Laboratory,lab,high,II-ECE-DS-A
2026-10-02,Friday,1,09:00,09:50,21ECC203T,Digital Logic Design,theory,high,II-ECE-DS-A
2026-10-02,Friday,2,09:50,10:40,21ECC201T,Solid State Devices,theory,high,II-ECE-DS-A
2026-10-02,Friday,3,10:50,11:40,21ECC205T,Electromagnetic Theory and Interference,theory,high,II-ECE-DS-A
2026-10-02,Friday,4,11:40,12:30,21CSS201T,Computer Organization and Architecture,theory,high,II-ECE-DS-A
2026-10-05,Monday,1,09:00,09:50,21ECC205T,Electromagnetic Theory and Interference,theory,high,II-ECE-DS-A
2026-10-05,Monday,2,09:50,10:40,21MAB201T,Transforms and Boundary Value Problems,theory,high,II-ECE-DS-A
2026-10-05,Monday,3,10:50,11:40,21PDH209T,Social Engineering,theory,high,II-ECE-DS-A
2026-10-05,Monday,4,11:40,12:30,21PDH209T,Social Engineering,theory,high,II-ECE-DS-A
2026-10-05,Monday,6,13:20,14:10,21LEM202T,Universal Human Values-II,theory,high,II-ECE-DS-A
2026-10-05,Monday,7,14:10,15:00,21LEM202T,Universal Human Values-II,theory,high,II-ECE-DS-A
2026-10-05,Monday,8,15:10,16:00,21ECC211L,Devices and Digital IC Laboratory,lab,high,II-ECE-DS-A
2026-10-05,Monday,9,16:00,16:50,21ECC211L,Devices and Digital IC Laboratory,lab,high,II-ECE-DS-A
2026-10-06,Tuesday,1,09:00,09:50,21CSS201T,Computer Organization and Architecture,theory,high,II-ECE-DS-A
2026-10-06,Tuesday,2,09:50,10:40,21MAB201T,Transforms and Boundary Value Problems,theory,high,II-ECE-DS-A
2026-10-06,Tuesday,3,10:50,11:40,21ECC205T,Electromagnetic Theory and Interference,theory,high,II-ECE-DS-A
2026-10-06,Tuesday,4,11:40,12:30,21ECC203T,Digital Logic Design,theory,high,II-ECE-DS-A
2026-10-06,Tuesday,6,13:20,14:10,21LEM202T,Universal Human Values-II,theory,high,II-ECE-DS-A
2026-10-06,Tuesday,8,15:10,16:00,21PDM201L,Verbal Reasoning,skill,high,II-ECE-DS-A
2026-10-06,Tuesday,9,16:00,16:50,21PDM201L,Verbal Reasoning,skill,high,II-ECE-DS-A
2026-10-07,Wednesday,1,09:00,09:50,21MAB201T,Transforms and Boundary Value Problems,theory,high,II-ECE-DS-A
2026-10-07,Wednesday,2,09:50,10:40,21ECC201T,Solid State Devices,theory,high,II-ECE-DS-A
2026-10-07,Wednesday,3,10:50,11:40,21CSS201T,Computer Organization and Architecture,theory,high,II-ECE-DS-A
2026-10-07,Wednesday,4,11:40,12:30,21ECC203T,Digital Logic Design,theory,high,II-ECE-DS-A
2026-10-07,Wednesday,7,14:10,15:00,21PDM201L,Verbal Reasoning,skill,high,II-ECE-DS-A
2026-10-08,Thursday,1,09:00,09:50,21ECC201T,Solid State Devices,theory,high,II-ECE-DS-A
2026-10-08,Thursday,2,09:50,10:40,21CSS201T,Computer Organization and Architecture,theory,high,II-ECE-DS-A
2026-10-08,Thursday,3,10:50,11:40,21MAB201T,Transforms and Boundary Value Problems,theory,high,II-ECE-DS-A
2026-10-08,Thursday,4,11:40,12:30,21LEM201T,Professional Ethics,theory,high,II-ECE-DS-A
2026-10-08,Thursday,6,13:20,14:10,21ECC211L,Devices and Digital IC Laboratory,lab,high,II-ECE-DS-A
2026-10-08,Thursday,7,14:10,15:00,21ECC211L,Devices and Digital IC Laboratory,lab,high,II-ECE-DS-A
2026-10-09,Friday,1,09:00,09:50,21ECC203T,Digital Logic Design,theory,high,II-ECE-DS-A
2026-10-09,Friday,2,09:50,10:40,21ECC201T,Solid State Devices,theory,high,II-ECE-DS-A
2026-10-09,Friday,3,10:50,11:40,21ECC205T,Electromagnetic Theory and Interference,theory,high,II-ECE-DS-A
2026-10-09,Friday,4,11:40,12:30,21CSS201T,Computer Organization and Architecture,theory,high,II-ECE-DS-A
2026-10-12,Monday,1,09:00,09:50,21ECC205T,Electromagnetic Theory and Interference,theory,high,II-ECE-DS-A
2026-10-12,Monday,2,09:50,10:40,21MAB201T,Transforms and Boundary Value Problems,theory,high,II-ECE-DS-A
2026-10-12,Monday,3,10:50,11:40,21PDH209T,Social Engineering,theory,high,II-ECE-DS-A
2026-10-12,Monday,4,11:40,12:30,21PDH209T,Social Engineering,theory,high,II-ECE-DS-A
2026-10-12,Monday,6,13:20,14:10,21LEM202T,Universal Human Values-II,theory,high,II-ECE-DS-A
2026-10-12,Monday,7,14:10,15:00,21LEM202T,Universal Human Values-II,theory,high,II-ECE-DS-A
2026-10-12,Monday,8,15:10,16:00,21ECC211L,Devices and Digital IC Laboratory,lab,high,II-ECE-DS-A
2026-10-12,Monday,9,16:00,16:50,21ECC211L,Devices and Digital IC Laboratory,lab,high,II-ECE-DS-A
2026-10-13,Tuesday,1,09:00,09:50,21CSS201T,Computer Organization and Architecture,theory,high,II-ECE-DS-A
2026-10-13,Tuesday,2,09:50,10:40,21MAB201T,Transforms and Boundary Value Problems,theory,high,II-ECE-DS-A
2026-10-13,Tuesday,3,10:50,11:40,21ECC205T,Electromagnetic Theory and Interference,theory,high,II-ECE-DS-A
2026-10-13,Tuesday,4,11:40,12:30,21ECC203T,Digital Logic Design,theory,high,II-ECE-DS-A
2026-10-13,Tuesday,6,13:20,14:10,21LEM202T,Universal Human Values-II,theory,high,II-ECE-DS-A
2026-10-13,Tuesday,8,15:10,16:00,21PDM201L,Verbal Reasoning,skill,high,II-ECE-DS-A
2026-10-13,Tuesday,9,16:00,16:50,21PDM201L,Verbal Reasoning,skill,high,II-ECE-DS-A
2026-10-14,Wednesday,1,09:00,09:50,21MAB201T,Transforms and Boundary Value Problems,theory,high,II-ECE-DS-A
2026-10-14,Wednesday,2,09:50,10:40,21ECC201T,Solid State Devices,theory,high,II-ECE-DS-A
2026-10-14,Wednesday,3,10:50,11:40,21CSS201T,Computer Organization and Architecture,theory,high,II-ECE-DS-A
2026-10-14,Wednesday,4,11:40,12:30,21ECC203T,Digital Logic Design,theory,high,II-ECE-DS-A
2026-10-14,Wednesday,7,14:10,15:00,21PDM201L,Verbal Reasoning,skill,high,II-ECE-DS-A
2026-10-15,Thursday,1,09:00,09:50,21ECC201T,Solid State Devices,theory,high,II-ECE-DS-A
2026-10-15,Thursday,2,09:50,10:40,21CSS201T,Computer Organization and Architecture,theory,high,II-ECE-DS-A
2026-10-15,Thursday,3,10:50,11:40,21MAB201T,Transforms and Boundary Value Problems,theory,high,II-ECE-DS-A
2026-10-15,Thursday,4,11:40,12:30,21LEM201T,Professional Ethics,theory,high,II-ECE-DS-A
2026-10-15,Thursday,6,13:20,14:10,21ECC211L,Devices and Digital IC Laboratory,lab,high,II-ECE-DS-A
2026-10-15,Thursday,7,14:10,15:00,21ECC211L,Devices and Digital IC Laboratory,lab,high,II-ECE-DS-A
2026-10-16,Friday,1,09:00,09:50,21ECC203T,Digital Logic Design,theory,high,II-ECE-DS-A
2026-10-16,Friday,2,09:50,10:40,21ECC201T,Solid State Devices,theory,high,II-ECE-DS-A
2026-10-16,Friday,3,10:50,11:40,21ECC205T,Electromagnetic Theory and Interference,theory,high,II-ECE-DS-A
2026-10-16,Friday,4,11:40,12:30,21CSS201T,Computer Organization and Architecture,theory,high,II-ECE-DS-A
2026-10-19,Monday,1,09:00,09:50,21ECC205T,Electromagnetic Theory and Interference,theory,high,II-ECE-DS-A
2026-10-19,Monday,2,09:50,10:40,21MAB201T,Transforms and Boundary Value Problems,theory,high,II-ECE-DS-A
2026-10-19,Monday,3,10:50,11:40,21PDH209T,Social Engineering,theory,high,II-ECE-DS-A
2026-10-19,Monday,4,11:40,12:30,21PDH209T,Social Engineering,theory,high,II-ECE-DS-A
2026-10-19,Monday,6,13:20,14:10,21LEM202T,Universal Human Values-II,theory,high,II-ECE-DS-A
2026-10-19,Monday,7,14:10,15:00,21LEM202T,Universal Human Values-II,theory,high,II-ECE-DS-A
2026-10-19,Monday,8,15:10,16:00,21ECC211L,Devices and Digital IC Laboratory,lab,high,II-ECE-DS-A
2026-10-19,Monday,9,16:00,16:50,21ECC211L,Devices and Digital IC Laboratory,lab,high,II-ECE-DS-A
2026-10-20,Tuesday,1,09:00,09:50,21CSS201T,Computer Organization and Architecture,theory,high,II-ECE-DS-A
2026-10-20,Tuesday,2,09:50,10:40,21MAB201T,Transforms and Boundary Value Problems,theory,high,II-ECE-DS-A
2026-10-20,Tuesday,3,10:50,11:40,21ECC205T,Electromagnetic Theory and Interference,theory,high,II-ECE-DS-A
2026-10-20,Tuesday,4,11:40,12:30,21ECC203T,Digital Logic Design,theory,high,II-ECE-DS-A
2026-10-20,Tuesday,6,13:20,14:10,21LEM202T,Universal Human Values-II,theory,high,II-ECE-DS-A
2026-10-20,Tuesday,8,15:10,16:00,21PDM201L,Verbal Reasoning,skill,high,II-ECE-DS-A
2026-10-20,Tuesday,9,16:00,16:50,21PDM201L,Verbal Reasoning,skill,high,II-ECE-DS-A
2026-10-21,Wednesday,1,09:00,09:50,21MAB201T,Transforms and Boundary Value Problems,theory,high,II-ECE-DS-A
2026-10-21,Wednesday,2,09:50,10:40,21ECC201T,Solid State Devices,theory,high,II-ECE-DS-A
2026-10-21,Wednesday,3,10:50,11:40,21CSS201T,Computer Organization and Architecture,theory,high,II-ECE-DS-A
2026-10-21,Wednesday,4,11:40,12:30,21ECC203T,Digital Logic Design,theory,high,II-ECE-DS-A
2026-10-21,Wednesday,7,14:10,15:00,21PDM201L,Verbal Reasoning,skill,high,II-ECE-DS-A
2026-10-22,Thursday,1,09:00,09:50,21ECC201T,Solid State Devices,theory,high,II-ECE-DS-A
2026-10-22,Thursday,2,09:50,10:40,21CSS201T,Computer Organization and Architecture,theory,high,II-ECE-DS-A
2026-10-22,Thursday,3,10:50,11:40,21MAB201T,Transforms and Boundary Value Problems,theory,high,II-ECE-DS-A
2026-10-22,Thursday,4,11:40,12:30,21LEM201T,Professional Ethics,theory,high,II-ECE-DS-A
2026-10-22,Thursday,6,13:20,14:10,21ECC211L,Devices and Digital IC Laboratory,lab,high,II-ECE-DS-A
2026-10-22,Thursday,7,14:10,15:00,21ECC211L,Devices and Digital IC Laboratory,lab,high,II-ECE-DS-A
2026-10-23,Friday,1,09:00,09:50,21ECC203T,Digital Logic Design,theory,high,II-ECE-DS-A
2026-10-23,Friday,2,09:50,10:40,21ECC201T,Solid State Devices,theory,high,II-ECE-DS-A
2026-10-23,Friday,3,10:50,11:40,21ECC205T,Electromagnetic Theory and Interference,theory,high,II-ECE-DS-A
2026-10-23,Friday,4,11:40,12:30,21CSS201T,Computer Organization and Architecture,theory,high,II-ECE-DS-A
2026-10-26,Monday,1,09:00,09:50,21ECC205T,Electromagnetic Theory and Interference,theory,high,II-ECE-DS-A
2026-10-26,Monday,2,09:50,10:40,21MAB201T,Transforms and Boundary Value Problems,theory,high,II-ECE-DS-A
2026-10-26,Monday,3,10:50,11:40,21PDH209T,Social Engineering,theory,high,II-ECE-DS-A
2026-10-26,Monday,4,11:40,12:30,21PDH209T,Social Engineering,theory,high,II-ECE-DS-A
2026-10-26,Monday,6,13:20,14:10,21LEM202T,Universal Human Values-II,theory,high,II-ECE-DS-A
2026-10-26,Monday,7,14:10,15:00,21LEM202T,Universal Human Values-II,theory,high,II-ECE-DS-A
2026-10-26,Monday,8,15:10,16:00,21ECC211L,Devices and Digital IC Laboratory,lab,high,II-ECE-DS-A
2026-10-26,Monday,9,16:00,16:50,21ECC211L,Devices and Digital IC Laboratory,lab,high,II-ECE-DS-A
2026-10-27,Tuesday,1,09:00,09:50,21CSS201T,Computer Organization and Architecture,theory,high,II-ECE-DS-A
2026-10-27,Tuesday,2,09:50,10:40,21MAB201T,Transforms and Boundary Value Problems,theory,high,II-ECE-DS-A
2026-10-27,Tuesday,3,10:50,11:40,21ECC205T,Electromagnetic Theory and Interference,theory,high,II-ECE-DS-A
2026-10-27,Tuesday,4,11:40,12:30,21ECC203T,Digital Logic Design,theory,high,II-ECE-DS-A
2026-10-27,Tuesday,6,13:20,14:10,21LEM202T,Universal Human Values-II,theory,high,II-ECE-DS-A
2026-10-27,Tuesday,8,15:10,16:00,21PDM201L,Verbal Reasoning,skill,high,II-ECE-DS-A
2026-10-27,Tuesday,9,16:00,16:50,21PDM201L,Verbal Reasoning,skill,high,II-ECE-DS-A
2026-10-28,Wednesday,1,09:00,09:50,21MAB201T,Transforms and Boundary Value Problems,theory,high,II-ECE-DS-A
2026-10-28,Wednesday,2,09:50,10:40,21ECC201T,Solid State Devices,theory,high,II-ECE-DS-A
2026-10-28,Wednesday,3,10:50,11:40,21CSS201T,Computer Organization and Architecture,theory,high,II-ECE-DS-A
2026-10-28,Wednesday,4,11:40,12:30,21ECC203T,Digital Logic Design,theory,high,II-ECE-DS-A
2026-10-28,Wednesday,7,14:10,15:00,21PDM201L,Verbal Reasoning,skill,high,II-ECE-DS-A
2026-10-29,Thursday,1,09:00,09:50,21ECC201T,Solid State Devices,theory,high,II-ECE-DS-A
2026-10-29,Thursday,2,09:50,10:40,21CSS201T,Computer Organization and Architecture,theory,high,II-ECE-DS-A
2026-10-29,Thursday,3,10:50,11:40,21MAB201T,Transforms and Boundary Value Problems,theory,high,II-ECE-DS-A
2026-10-29,Thursday,4,11:40,12:30,21LEM201T,Professional Ethics,theory,high,II-ECE-DS-A
2026-10-29,Thursday,6,13:20,14:10,21ECC211L,Devices and Digital IC Laboratory,lab,high,II-ECE-DS-A
2026-10-29,Thursday,7,14:10,15:00,21ECC211L,Devices and Digital IC Laboratory,lab,high,II-ECE-DS-A
2026-10-30,Friday,1,09:00,09:50,21ECC203T,Digital Logic Design,theory,high,II-ECE-DS-A
2026-10-30,Friday,2,09:50,10:40,21ECC201T,Solid State Devices,theory,high,II-ECE-DS-A
2026-10-30,Friday,3,10:50,11:40,21ECC205T,Electromagnetic Theory and Interference,theory,high,II-ECE-DS-A
2026-10-30,Friday,4,11:40,12:30,21CSS201T,Computer Organization and Architecture,theory,high,II-ECE-DS-A
2026-11-02,Monday,1,09:00,09:50,21ECC205T,Electromagnetic Theory and Interference,theory,high,II-ECE-DS-A
2026-11-02,Monday,2,09:50,10:40,21MAB201T,Transforms and Boundary Value Problems,theory,high,II-ECE-DS-A
2026-11-02,Monday,3,10:50,11:40,21PDH209T,Social Engineering,theory,high,II-ECE-DS-A
2026-11-02,Monday,4,11:40,12:30,21PDH209T,Social Engineering,theory,high,II-ECE-DS-A
2026-11-02,Monday,6,13:20,14:10,21LEM202T,Universal Human Values-II,theory,high,II-ECE-DS-A
2026-11-02,Monday,7,14:10,15:00,21LEM202T,Universal Human Values-II,theory,high,II-ECE-DS-A
2026-11-02,Monday,8,15:10,16:00,21ECC211L,Devices and Digital IC Laboratory,lab,high,II-ECE-DS-A
2026-11-02,Monday,9,16:00,16:50,21ECC211L,Devices and Digital IC Laboratory,lab,high,II-ECE-DS-A
2026-11-03,Tuesday,1,09:00,09:50,21CSS201T,Computer Organization and Architecture,theory,high,II-ECE-DS-A
2026-11-03,Tuesday,2,09:50,10:40,21MAB201T,Transforms and Boundary Value Problems,theory,high,II-ECE-DS-A
2026-11-03,Tuesday,3,10:50,11:40,21ECC205T,Electromagnetic Theory and Interference,theory,high,II-ECE-DS-A
2026-11-03,Tuesday,4,11:40,12:30,21ECC203T,Digital Logic Design,theory,high,II-ECE-DS-A
2026-11-03,Tuesday,6,13:20,14:10,21LEM202T,Universal Human Values-II,theory,high,II-ECE-DS-A
2026-11-03,Tuesday,8,15:10,16:00,21PDM201L,Verbal Reasoning,skill,high,II-ECE-DS-A
2026-11-03,Tuesday,9,16:00,16:50,21PDM201L,Verbal Reasoning,skill,high,II-ECE-DS-A
2026-11-04,Wednesday,1,09:00,09:50,21MAB201T,Transforms and Boundary Value Problems,theory,high,II-ECE-DS-A
2026-11-04,Wednesday,2,09:50,10:40,21ECC201T,Solid State Devices,theory,high,II-ECE-DS-A
2026-11-04,Wednesday,3,10:50,11:40,21CSS201T,Computer Organization and Architecture,theory,high,II-ECE-DS-A
2026-11-04,Wednesday,4,11:40,12:30,21ECC203T,Digital Logic Design,theory,high,II-ECE-DS-A
2026-11-04,Wednesday,7,14:10,15:00,21PDM201L,Verbal Reasoning,skill,high,II-ECE-DS-A
2026-11-05,Thursday,1,09:00,09:50,21ECC201T,Solid State Devices,theory,high,II-ECE-DS-A
2026-11-05,Thursday,2,09:50,10:40,21CSS201T,Computer Organization and Architecture,theory,high,II-ECE-DS-A
2026-11-05,Thursday,3,10:50,11:40,21MAB201T,Transforms and Boundary Value Problems,theory,high,II-ECE-DS-A
2026-11-05,Thursday,4,11:40,12:30,21LEM201T,Professional Ethics,theory,high,II-ECE-DS-A
2026-11-05,Thursday,6,13:20,14:10,21ECC211L,Devices and Digital IC Laboratory,lab,high,II-ECE-DS-A
2026-11-05,Thursday,7,14:10,15:00,21ECC211L,Devices and Digital IC Laboratory,lab,high,II-ECE-DS-A
2026-11-06,Friday,1,09:00,09:50,21ECC203T,Digital Logic Design,theory,high,II-ECE-DS-A
2026-11-06,Friday,2,09:50,10:40,21ECC201T,Solid State Devices,theory,high,II-ECE-DS-A
2026-11-06,Friday,3,10:50,11:40,21ECC205T,Electromagnetic Theory and Interference,theory,high,II-ECE-DS-A
2026-11-06,Friday,4,11:40,12:30,21CSS201T,Computer Organization and Architecture,theory,high,II-ECE-DS-A
2026-11-09,Monday,1,09:00,09:50,21ECC205T,Electromagnetic Theory and Interference,theory,high,II-ECE-DS-A
2026-11-09,Monday,2,09:50,10:40,21MAB201T,Transforms and Boundary Value Problems,theory,high,II-ECE-DS-A
2026-11-09,Monday,3,10:50,11:40,21PDH209T,Social Engineering,theory,high,II-ECE-DS-A
2026-11-09,Monday,4,11:40,12:30,21PDH209T,Social Engineering,theory,high,II-ECE-DS-A
2026-11-09,Monday,6,13:20,14:10,21LEM202T,Universal Human Values-II,theory,high,II-ECE-DS-A
2026-11-09,Monday,7,14:10,15:00,21LEM202T,Universal Human Values-II,theory,high,II-ECE-DS-A
2026-11-09,Monday,8,15:10,16:00,21ECC211L,Devices and Digital IC Laboratory,lab,high,II-ECE-DS-A
2026-11-09,Monday,9,16:00,16:50,21ECC211L,Devices and Digital IC Laboratory,lab,high,II-ECE-DS-A
2026-11-10,Tuesday,1,09:00,09:50,21CSS201T,Computer Organization and Architecture,theory,high,II-ECE-DS-A
2026-11-10,Tuesday,2,09:50,10:40,21MAB201T,Transforms and Boundary Value Problems,theory,high,II-ECE-DS-A
2026-11-10,Tuesday,3,10:50,11:40,21ECC205T,Electromagnetic Theory and Interference,theory,high,II-ECE-DS-A
2026-11-10,Tuesday,4,11:40,12:30,21ECC203T,Digital Logic Design,theory,high,II-ECE-DS-A
2026-11-10,Tuesday,6,13:20,14:10,21LEM202T,Universal Human Values-II,theory,high,II-ECE-DS-A
2026-11-10,Tuesday,8,15:10,16:00,21PDM201L,Verbal Reasoning,skill,high,II-ECE-DS-A
2026-11-10,Tuesday,9,16:00,16:50,21PDM201L,Verbal Reasoning,skill,high,II-ECE-DS-A
2026-11-11,Wednesday,1,09:00,09:50,21MAB201T,Transforms and Boundary Value Problems,theory,high,II-ECE-DS-A
2026-11-11,Wednesday,2,09:50,10:40,21ECC201T,Solid State Devices,theory,high,II-ECE-DS-A
2026-11-11,Wednesday,3,10:50,11:40,21CSS201T,Computer Organization and Architecture,theory,high,II-ECE-DS-A
2026-11-11,Wednesday,4,11:40,12:30,21ECC203T,Digital Logic Design,theory,high,II-ECE-DS-A
2026-11-11,Wednesday,7,14:10,15:00,21PDM201L,Verbal Reasoning,skill,high,II-ECE-DS-A
2026-11-12,Thursday,1,09:00,09:50,21ECC201T,Solid State Devices,theory,high,II-ECE-DS-A
2026-11-12,Thursday,2,09:50,10:40,21CSS201T,Computer Organization and Architecture,theory,high,II-ECE-DS-A
2026-11-12,Thursday,3,10:50,11:40,21MAB201T,Transforms and Boundary Value Problems,theory,high,II-ECE-DS-A
2026-11-12,Thursday,4,11:40,12:30,21LEM201T,Professional Ethics,theory,high,II-ECE-DS-A
2026-11-12,Thursday,6,13:20,14:10,21ECC211L,Devices and Digital IC Laboratory,lab,high,II-ECE-DS-A
2026-11-12,Thursday,7,14:10,15:00,21ECC211L,Devices and Digital IC Laboratory,lab,high,II-ECE-DS-A
2026-11-13,Friday,1,09:00,09:50,21ECC203T,Digital Logic Design,theory,high,II-ECE-DS-A
2026-11-13,Friday,2,09:50,10:40,21ECC201T,Solid State Devices,theory,high,II-ECE-DS-A
2026-11-13,Friday,3,10:50,11:40,21ECC205T,Electromagnetic Theory and Interference,theory,high,II-ECE-DS-A
2026-11-13,Friday,4,11:40,12:30,21CSS201T,Computer Organization and Architecture,theory,high,II-ECE-DS-A
2026-11-16,Monday,1,09:00,09:50,21ECC205T,Electromagnetic Theory and Interference,theory,high,II-ECE-DS-A
2026-11-16,Monday,2,09:50,10:40,21MAB201T,Transforms and Boundary Value Problems,theory,high,II-ECE-DS-A
2026-11-16,Monday,3,10:50,11:40,21PDH209T,Social Engineering,theory,high,II-ECE-DS-A
2026-11-16,Monday,4,11:40,12:30,21PDH209T,Social Engineering,theory,high,II-ECE-DS-A
2026-11-16,Monday,6,13:20,14:10,21LEM202T,Universal Human Values-II,theory,high,II-ECE-DS-A
2026-11-16,Monday,7,14:10,15:00,21LEM202T,Universal Human Values-II,theory,high,II-ECE-DS-A
2026-11-16,Monday,8,15:10,16:00,21ECC211L,Devices and Digital IC Laboratory,lab,high,II-ECE-DS-A
2026-11-16,Monday,9,16:00,16:50,21ECC211L,Devices and Digital IC Laboratory,lab,high,II-ECE-DS-A
2026-11-17,Tuesday,1,09:00,09:50,21CSS201T,Computer Organization and Architecture,theory,high,II-ECE-DS-A
2026-11-17,Tuesday,2,09:50,10:40,21MAB201T,Transforms and Boundary Value Problems,theory,high,II-ECE-DS-A
2026-11-17,Tuesday,3,10:50,11:40,21ECC205T,Electromagnetic Theory and Interference,theory,high,II-ECE-DS-A
2026-11-17,Tuesday,4,11:40,12:30,21ECC203T,Digital Logic Design,theory,high,II-ECE-DS-A
2026-11-17,Tuesday,6,13:20,14:10,21LEM202T,Universal Human Values-II,theory,high,II-ECE-DS-A
2026-11-17,Tuesday,8,15:10,16:00,21PDM201L,Verbal Reasoning,skill,high,II-ECE-DS-A
2026-11-17,Tuesday,9,16:00,16:50,21PDM201L,Verbal Reasoning,skill,high,II-ECE-DS-A
2026-11-18,Wednesday,1,09:00,09:50,21MAB201T,Transforms and Boundary Value Problems,theory,high,II-ECE-DS-A
2026-11-18,Wednesday,2,09:50,10:40,21ECC201T,Solid State Devices,theory,high,II-ECE-DS-A
2026-11-18,Wednesday,3,10:50,11:40,21CSS201T,Computer Organization and Architecture,theory,high,II-ECE-DS-A
2026-11-18,Wednesday,4,11:40,12:30,21ECC203T,Digital Logic Design,theory,high,II-ECE-DS-A
2026-11-18,Wednesday,7,14:10,15:00,21PDM201L,Verbal Reasoning,skill,high,II-ECE-DS-A
2026-11-19,Thursday,1,09:00,09:50,21ECC201T,Solid State Devices,theory,high,II-ECE-DS-A
2026-11-19,Thursday,2,09:50,10:40,21CSS201T,Computer Organization and Architecture,theory,high,II-ECE-DS-A
2026-11-19,Thursday,3,10:50,11:40,21MAB201T,Transforms and Boundary Value Problems,theory,high,II-ECE-DS-A
2026-11-19,Thursday,4,11:40,12:30,21LEM201T,Professional Ethics,theory,high,II-ECE-DS-A
2026-11-19,Thursday,6,13:20,14:10,21ECC211L,Devices and Digital IC Laboratory,lab,high,II-ECE-DS-A
2026-11-19,Thursday,7,14:10,15:00,21ECC211L,Devices and Digital IC Laboratory,lab,high,II-ECE-DS-A
2026-11-20,Friday,1,09:00,09:50,21ECC203T,Digital Logic Design,theory,high,II-ECE-DS-A
2026-11-20,Friday,2,09:50,10:40,21ECC201T,Solid State Devices,theory,high,II-ECE-DS-A
2026-11-20,Friday,3,10:50,11:40,21ECC205T,Electromagnetic Theory and Interference,theory,high,II-ECE-DS-A
2026-11-20,Friday,4,11:40,12:30,21CSS201T,Computer Organization and Architecture,theory,high,II-ECE-DS-A
2026-11-23,Monday,1,09:00,09:50,21ECC205T,Electromagnetic Theory and Interference,theory,high,II-ECE-DS-A
2026-11-23,Monday,2,09:50,10:40,21MAB201T,Transforms and Boundary Value Problems,theory,high,II-ECE-DS-A
2026-11-23,Monday,3,10:50,11:40,21PDH209T,Social Engineering,theory,high,II-ECE-DS-A
2026-11-23,Monday,4,11:40,12:30,21PDH209T,Social Engineering,theory,high,II-ECE-DS-A
2026-11-23,Monday,6,13:20,14:10,21LEM202T,Universal Human Values-II,theory,high,II-ECE-DS-A
2026-11-23,Monday,7,14:10,15:00,21LEM202T,Universal Human Values-II,theory,high,II-ECE-DS-A
2026-11-23,Monday,8,15:10,16:00,21ECC211L,Devices and Digital IC Laboratory,lab,high,II-ECE-DS-A
2026-11-23,Monday,9,16:00,16:50,21ECC211L,Devices and Digital IC Laboratory,lab,high,II-ECE-DS-A
2026-11-24,Tuesday,1,09:00,09:50,21CSS201T,Computer Organization and Architecture,theory,high,II-ECE-DS-A
2026-11-24,Tuesday,2,09:50,10:40,21MAB201T,Transforms and Boundary Value Problems,theory,high,II-ECE-DS-A
2026-11-24,Tuesday,3,10:50,11:40,21ECC205T,Electromagnetic Theory and Interference,theory,high,II-ECE-DS-A
2026-11-24,Tuesday,4,11:40,12:30,21ECC203T,Digital Logic Design,theory,high,II-ECE-DS-A
2026-11-24,Tuesday,6,13:20,14:10,21LEM202T,Universal Human Values-II,theory,high,II-ECE-DS-A
2026-11-24,Tuesday,8,15:10,16:00,21PDM201L,Verbal Reasoning,skill,high,II-ECE-DS-A
2026-11-24,Tuesday,9,16:00,16:50,21PDM201L,Verbal Reasoning,skill,high,II-ECE-DS-A
2026-11-25,Wednesday,1,09:00,09:50,21MAB201T,Transforms and Boundary Value Problems,theory,high,II-ECE-DS-A
2026-11-25,Wednesday,2,09:50,10:40,21ECC201T,Solid State Devices,theory,high,II-ECE-DS-A
2026-11-25,Wednesday,3,10:50,11:40,21CSS201T,Computer Organization and Architecture,theory,high,II-ECE-DS-A
2026-11-25,Wednesday,4,11:40,12:30,21ECC203T,Digital Logic Design,theory,high,II-ECE-DS-A
2026-11-25,Wednesday,7,14:10,15:00,21PDM201L,Verbal Reasoning,skill,high,II-ECE-DS-A
2026-11-26,Thursday,1,09:00,09:50,21ECC201T,Solid State Devices,theory,high,II-ECE-DS-A
2026-11-26,Thursday,2,09:50,10:40,21CSS201T,Computer Organization and Architecture,theory,high,II-ECE-DS-A
2026-11-26,Thursday,3,10:50,11:40,21MAB201T,Transforms and Boundary Value Problems,theory,high,II-ECE-DS-A
2026-11-26,Thursday,4,11:40,12:30,21LEM201T,Professional Ethics,theory,high,II-ECE-DS-A
2026-11-26,Thursday,6,13:20,14:10,21ECC211L,Devices and Digital IC Laboratory,lab,high,II-ECE-DS-A
2026-11-26,Thursday,7,14:10,15:00,21ECC211L,Devices and Digital IC Laboratory,lab,high,II-ECE-DS-A
2026-11-27,Friday,1,09:00,09:50,21ECC203T,Digital Logic Design,theory,high,II-ECE-DS-A
2026-11-27,Friday,2,09:50,10:40,21ECC201T,Solid State Devices,theory,high,II-ECE-DS-A
2026-11-27,Friday,3,10:50,11:40,21ECC205T,Electromagnetic Theory and Interference,theory,high,II-ECE-DS-A
2026-11-27,Friday,4,11:40,12:30,21CSS201T,Computer Organization and Architecture,theory,high,II-ECE-DS-A
2026-08-31,Monday,3,10:50,11:40,21ECC211L,Devices and Digital IC Laboratory,lab,high,II-ECE-DS-B
2026-08-31,Monday,4,11:40,12:30,21ECC211L,Devices and Digital IC Laboratory,lab,high,II-ECE-DS-B
2026-08-31,Monday,6,13:20,14:10,21ECC203T,Digital Logic Design,theory,high,II-ECE-DS-B
2026-08-31,Monday,7,14:10,15:00,21ECC201T,Solid State Devices,theory,high,II-ECE-DS-B
2026-08-31,Monday,8,15:10,16:00,21CSS201T,Computer Organization and Architecture,theory,high,II-ECE-DS-B
2026-08-31,Monday,9,16:00,16:50,21PDH209T,Social Engineering,theory,high,II-ECE-DS-B
2026-09-01,Tuesday,1,09:00,09:50,21ECC211L,Devices and Digital IC Laboratory,lab,high,II-ECE-DS-B
2026-09-01,Tuesday,2,09:50,10:40,21ECC211L,Devices and Digital IC Laboratory,lab,high,II-ECE-DS-B
2026-09-01,Tuesday,6,13:20,14:10,21CSS201T,Computer Organization and Architecture,theory,high,II-ECE-DS-B
2026-09-01,Tuesday,7,14:10,15:00,21ECC203T,Digital Logic Design,theory,high,II-ECE-DS-B
2026-09-01,Tuesday,8,15:10,16:00,21ECC205T,Electromagnetic Theory and Interference,theory,high,II-ECE-DS-B
2026-09-01,Tuesday,9,16:00,16:50,21MAB201T,Transforms and Boundary Value Problems,theory,high,II-ECE-DS-B
2026-09-02,Wednesday,1,09:00,09:50,21LEM202T,Universal Human Values-II,theory,high,II-ECE-DS-B
2026-09-02,Wednesday,6,13:20,14:10,21PDH209T,Social Engineering,theory,high,II-ECE-DS-B
2026-09-02,Wednesday,7,14:10,15:00,21ECC205T,Electromagnetic Theory and Interference,theory,high,II-ECE-DS-B
2026-09-02,Wednesday,8,15:10,16:00,21MAB201T,Transforms and Boundary Value Problems,theory,high,II-ECE-DS-B
2026-09-02,Wednesday,9,16:00,16:50,21ECC203T,Digital Logic Design,theory,high,II-ECE-DS-B
2026-09-03,Thursday,1,09:00,09:50,21LEM202T,Universal Human Values-II,theory,high,II-ECE-DS-B
2026-09-03,Thursday,2,09:50,10:40,21LEM202T,Universal Human Values-II,theory,high,II-ECE-DS-B
2026-09-03,Thursday,3,10:50,11:40,21PDM201L,Verbal Reasoning,skill,high,II-ECE-DS-B
2026-09-03,Thursday,4,11:40,12:30,21PDM201L,Verbal Reasoning,skill,high,II-ECE-DS-B
2026-09-03,Thursday,6,13:20,14:10,21MAB201T,Transforms and Boundary Value Problems,theory,high,II-ECE-DS-B
2026-09-03,Thursday,7,14:10,15:00,21CSS201T,Computer Organization and Architecture,theory,high,II-ECE-DS-B
2026-09-03,Thursday,8,15:10,16:00,21ECC201T,Solid State Devices,theory,high,II-ECE-DS-B
2026-09-03,Thursday,9,16:00,16:50,21ECC205T,Electromagnetic Theory and Interference,theory,high,II-ECE-DS-B
2026-09-04,Friday,1,09:00,09:50,21PDM201L,Verbal Reasoning,skill,high,II-ECE-DS-B
2026-09-04,Friday,6,13:20,14:10,21LEM201T,Professional Ethics,theory,high,II-ECE-DS-B
2026-09-04,Friday,7,14:10,15:00,21MAB201T,Transforms and Boundary Value Problems,theory,high,II-ECE-DS-B
2026-09-04,Friday,8,15:10,16:00,21ECC201T,Solid State Devices,theory,high,II-ECE-DS-B
2026-09-04,Friday,9,16:00,16:50,21CSS201T,Computer Organization and Architecture,theory,high,II-ECE-DS-B
2026-09-07,Monday,3,10:50,11:40,21ECC211L,Devices and Digital IC Laboratory,lab,high,II-ECE-DS-B
2026-09-07,Monday,4,11:40,12:30,21ECC211L,Devices and Digital IC Laboratory,lab,high,II-ECE-DS-B
2026-09-07,Monday,6,13:20,14:10,21ECC203T,Digital Logic Design,theory,high,II-ECE-DS-B
2026-09-07,Monday,7,14:10,15:00,21ECC201T,Solid State Devices,theory,high,II-ECE-DS-B
2026-09-07,Monday,8,15:10,16:00,21CSS201T,Computer Organization and Architecture,theory,high,II-ECE-DS-B
2026-09-07,Monday,9,16:00,16:50,21PDH209T,Social Engineering,theory,high,II-ECE-DS-B
2026-09-08,Tuesday,1,09:00,09:50,21ECC211L,Devices and Digital IC Laboratory,lab,high,II-ECE-DS-B
2026-09-08,Tuesday,2,09:50,10:40,21ECC211L,Devices and Digital IC Laboratory,lab,high,II-ECE-DS-B
2026-09-08,Tuesday,6,13:20,14:10,21CSS201T,Computer Organization and Architecture,theory,high,II-ECE-DS-B
2026-09-08,Tuesday,7,14:10,15:00,21ECC203T,Digital Logic Design,theory,high,II-ECE-DS-B
2026-09-08,Tuesday,8,15:10,16:00,21ECC205T,Electromagnetic Theory and Interference,theory,high,II-ECE-DS-B
2026-09-08,Tuesday,9,16:00,16:50,21MAB201T,Transforms and Boundary Value Problems,theory,high,II-ECE-DS-B
2026-09-09,Wednesday,1,09:00,09:50,21LEM202T,Universal Human Values-II,theory,high,II-ECE-DS-B
2026-09-09,Wednesday,6,13:20,14:10,21PDH209T,Social Engineering,theory,high,II-ECE-DS-B
2026-09-09,Wednesday,7,14:10,15:00,21ECC205T,Electromagnetic Theory and Interference,theory,high,II-ECE-DS-B
2026-09-09,Wednesday,8,15:10,16:00,21MAB201T,Transforms and Boundary Value Problems,theory,high,II-ECE-DS-B
2026-09-09,Wednesday,9,16:00,16:50,21ECC203T,Digital Logic Design,theory,high,II-ECE-DS-B
2026-09-10,Thursday,1,09:00,09:50,21LEM202T,Universal Human Values-II,theory,high,II-ECE-DS-B
2026-09-10,Thursday,2,09:50,10:40,21LEM202T,Universal Human Values-II,theory,high,II-ECE-DS-B
2026-09-10,Thursday,3,10:50,11:40,21PDM201L,Verbal Reasoning,skill,high,II-ECE-DS-B
2026-09-10,Thursday,4,11:40,12:30,21PDM201L,Verbal Reasoning,skill,high,II-ECE-DS-B
2026-09-10,Thursday,6,13:20,14:10,21MAB201T,Transforms and Boundary Value Problems,theory,high,II-ECE-DS-B
2026-09-10,Thursday,7,14:10,15:00,21CSS201T,Computer Organization and Architecture,theory,high,II-ECE-DS-B
2026-09-10,Thursday,8,15:10,16:00,21ECC201T,Solid State Devices,theory,high,II-ECE-DS-B
2026-09-10,Thursday,9,16:00,16:50,21ECC205T,Electromagnetic Theory and Interference,theory,high,II-ECE-DS-B
2026-09-11,Friday,1,09:00,09:50,21PDM201L,Verbal Reasoning,skill,high,II-ECE-DS-B
2026-09-11,Friday,6,13:20,14:10,21LEM201T,Professional Ethics,theory,high,II-ECE-DS-B
2026-09-11,Friday,7,14:10,15:00,21MAB201T,Transforms and Boundary Value Problems,theory,high,II-ECE-DS-B
2026-09-11,Friday,8,15:10,16:00,21ECC201T,Solid State Devices,theory,high,II-ECE-DS-B
2026-09-11,Friday,9,16:00,16:50,21CSS201T,Computer Organization and Architecture,theory,high,II-ECE-DS-B
2026-09-14,Monday,3,10:50,11:40,21ECC211L,Devices and Digital IC Laboratory,lab,high,II-ECE-DS-B
2026-09-14,Monday,4,11:40,12:30,21ECC211L,Devices and Digital IC Laboratory,lab,high,II-ECE-DS-B
2026-09-14,Monday,6,13:20,14:10,21ECC203T,Digital Logic Design,theory,high,II-ECE-DS-B
2026-09-14,Monday,7,14:10,15:00,21ECC201T,Solid State Devices,theory,high,II-ECE-DS-B
2026-09-14,Monday,8,15:10,16:00,21CSS201T,Computer Organization and Architecture,theory,high,II-ECE-DS-B
2026-09-14,Monday,9,16:00,16:50,21PDH209T,Social Engineering,theory,high,II-ECE-DS-B
2026-09-15,Tuesday,1,09:00,09:50,21ECC211L,Devices and Digital IC Laboratory,lab,high,II-ECE-DS-B
2026-09-15,Tuesday,2,09:50,10:40,21ECC211L,Devices and Digital IC Laboratory,lab,high,II-ECE-DS-B
2026-09-15,Tuesday,6,13:20,14:10,21CSS201T,Computer Organization and Architecture,theory,high,II-ECE-DS-B
2026-09-15,Tuesday,7,14:10,15:00,21ECC203T,Digital Logic Design,theory,high,II-ECE-DS-B
2026-09-15,Tuesday,8,15:10,16:00,21ECC205T,Electromagnetic Theory and Interference,theory,high,II-ECE-DS-B
2026-09-15,Tuesday,9,16:00,16:50,21MAB201T,Transforms and Boundary Value Problems,theory,high,II-ECE-DS-B
2026-09-16,Wednesday,1,09:00,09:50,21LEM202T,Universal Human Values-II,theory,high,II-ECE-DS-B
2026-09-16,Wednesday,6,13:20,14:10,21PDH209T,Social Engineering,theory,high,II-ECE-DS-B
2026-09-16,Wednesday,7,14:10,15:00,21ECC205T,Electromagnetic Theory and Interference,theory,high,II-ECE-DS-B
2026-09-16,Wednesday,8,15:10,16:00,21MAB201T,Transforms and Boundary Value Problems,theory,high,II-ECE-DS-B
2026-09-16,Wednesday,9,16:00,16:50,21ECC203T,Digital Logic Design,theory,high,II-ECE-DS-B
2026-09-17,Thursday,1,09:00,09:50,21LEM202T,Universal Human Values-II,theory,high,II-ECE-DS-B
2026-09-17,Thursday,2,09:50,10:40,21LEM202T,Universal Human Values-II,theory,high,II-ECE-DS-B
2026-09-17,Thursday,3,10:50,11:40,21PDM201L,Verbal Reasoning,skill,high,II-ECE-DS-B
2026-09-17,Thursday,4,11:40,12:30,21PDM201L,Verbal Reasoning,skill,high,II-ECE-DS-B
2026-09-17,Thursday,6,13:20,14:10,21MAB201T,Transforms and Boundary Value Problems,theory,high,II-ECE-DS-B
2026-09-17,Thursday,7,14:10,15:00,21CSS201T,Computer Organization and Architecture,theory,high,II-ECE-DS-B
2026-09-17,Thursday,8,15:10,16:00,21ECC201T,Solid State Devices,theory,high,II-ECE-DS-B
2026-09-17,Thursday,9,16:00,16:50,21ECC205T,Electromagnetic Theory and Interference,theory,high,II-ECE-DS-B
2026-09-18,Friday,1,09:00,09:50,21PDM201L,Verbal Reasoning,skill,high,II-ECE-DS-B
2026-09-18,Friday,6,13:20,14:10,21LEM201T,Professional Ethics,theory,high,II-ECE-DS-B
2026-09-18,Friday,7,14:10,15:00,21MAB201T,Transforms and Boundary Value Problems,theory,high,II-ECE-DS-B
2026-09-18,Friday,8,15:10,16:00,21ECC201T,Solid State Devices,theory,high,II-ECE-DS-B
2026-09-18,Friday,9,16:00,16:50,21CSS201T,Computer Organization and Architecture,theory,high,II-ECE-DS-B
2026-09-21,Monday,3,10:50,11:40,21ECC211L,Devices and Digital IC Laboratory,lab,high,II-ECE-DS-B
2026-09-21,Monday,4,11:40,12:30,21ECC211L,Devices and Digital IC Laboratory,lab,high,II-ECE-DS-B
2026-09-21,Monday,6,13:20,14:10,21ECC203T,Digital Logic Design,theory,high,II-ECE-DS-B
2026-09-21,Monday,7,14:10,15:00,21ECC201T,Solid State Devices,theory,high,II-ECE-DS-B
2026-09-21,Monday,8,15:10,16:00,21CSS201T,Computer Organization and Architecture,theory,high,II-ECE-DS-B
2026-09-21,Monday,9,16:00,16:50,21PDH209T,Social Engineering,theory,high,II-ECE-DS-B
2026-09-22,Tuesday,1,09:00,09:50,21ECC211L,Devices and Digital IC Laboratory,lab,high,II-ECE-DS-B
2026-09-22,Tuesday,2,09:50,10:40,21ECC211L,Devices and Digital IC Laboratory,lab,high,II-ECE-DS-B
2026-09-22,Tuesday,6,13:20,14:10,21CSS201T,Computer Organization and Architecture,theory,high,II-ECE-DS-B
2026-09-22,Tuesday,7,14:10,15:00,21ECC203T,Digital Logic Design,theory,high,II-ECE-DS-B
2026-09-22,Tuesday,8,15:10,16:00,21ECC205T,Electromagnetic Theory and Interference,theory,high,II-ECE-DS-B
2026-09-22,Tuesday,9,16:00,16:50,21MAB201T,Transforms and Boundary Value Problems,theory,high,II-ECE-DS-B
2026-09-23,Wednesday,1,09:00,09:50,21LEM202T,Universal Human Values-II,theory,high,II-ECE-DS-B
2026-09-23,Wednesday,6,13:20,14:10,21PDH209T,Social Engineering,theory,high,II-ECE-DS-B
2026-09-23,Wednesday,7,14:10,15:00,21ECC205T,Electromagnetic Theory and Interference,theory,high,II-ECE-DS-B
2026-09-23,Wednesday,8,15:10,16:00,21MAB201T,Transforms and Boundary Value Problems,theory,high,II-ECE-DS-B
2026-09-23,Wednesday,9,16:00,16:50,21ECC203T,Digital Logic Design,theory,high,II-ECE-DS-B
2026-09-24,Thursday,1,09:00,09:50,21LEM202T,Universal Human Values-II,theory,high,II-ECE-DS-B
2026-09-24,Thursday,2,09:50,10:40,21LEM202T,Universal Human Values-II,theory,high,II-ECE-DS-B
2026-09-24,Thursday,3,10:50,11:40,21PDM201L,Verbal Reasoning,skill,high,II-ECE-DS-B
2026-09-24,Thursday,4,11:40,12:30,21PDM201L,Verbal Reasoning,skill,high,II-ECE-DS-B
2026-09-24,Thursday,6,13:20,14:10,21MAB201T,Transforms and Boundary Value Problems,theory,high,II-ECE-DS-B
2026-09-24,Thursday,7,14:10,15:00,21CSS201T,Computer Organization and Architecture,theory,high,II-ECE-DS-B
2026-09-24,Thursday,8,15:10,16:00,21ECC201T,Solid State Devices,theory,high,II-ECE-DS-B
2026-09-24,Thursday,9,16:00,16:50,21ECC205T,Electromagnetic Theory and Interference,theory,high,II-ECE-DS-B
2026-09-25,Friday,1,09:00,09:50,21PDM201L,Verbal Reasoning,skill,high,II-ECE-DS-B
2026-09-25,Friday,6,13:20,14:10,21LEM201T,Professional Ethics,theory,high,II-ECE-DS-B
2026-09-25,Friday,7,14:10,15:00,21MAB201T,Transforms and Boundary Value Problems,theory,high,II-ECE-DS-B
2026-09-25,Friday,8,15:10,16:00,21ECC201T,Solid State Devices,theory,high,II-ECE-DS-B
2026-09-25,Friday,9,16:00,16:50,21CSS201T,Computer Organization and Architecture,theory,high,II-ECE-DS-B
2026-09-28,Monday,3,10:50,11:40,21ECC211L,Devices and Digital IC Laboratory,lab,high,II-ECE-DS-B
2026-09-28,Monday,4,11:40,12:30,21ECC211L,Devices and Digital IC Laboratory,lab,high,II-ECE-DS-B
2026-09-28,Monday,6,13:20,14:10,21ECC203T,Digital Logic Design,theory,high,II-ECE-DS-B
2026-09-28,Monday,7,14:10,15:00,21ECC201T,Solid State Devices,theory,high,II-ECE-DS-B
2026-09-28,Monday,8,15:10,16:00,21CSS201T,Computer Organization and Architecture,theory,high,II-ECE-DS-B
2026-09-28,Monday,9,16:00,16:50,21PDH209T,Social Engineering,theory,high,II-ECE-DS-B
2026-09-29,Tuesday,1,09:00,09:50,21ECC211L,Devices and Digital IC Laboratory,lab,high,II-ECE-DS-B
2026-09-29,Tuesday,2,09:50,10:40,21ECC211L,Devices and Digital IC Laboratory,lab,high,II-ECE-DS-B
2026-09-29,Tuesday,6,13:20,14:10,21CSS201T,Computer Organization and Architecture,theory,high,II-ECE-DS-B
2026-09-29,Tuesday,7,14:10,15:00,21ECC203T,Digital Logic Design,theory,high,II-ECE-DS-B
2026-09-29,Tuesday,8,15:10,16:00,21ECC205T,Electromagnetic Theory and Interference,theory,high,II-ECE-DS-B
2026-09-29,Tuesday,9,16:00,16:50,21MAB201T,Transforms and Boundary Value Problems,theory,high,II-ECE-DS-B
2026-09-30,Wednesday,1,09:00,09:50,21LEM202T,Universal Human Values-II,theory,high,II-ECE-DS-B
2026-09-30,Wednesday,6,13:20,14:10,21PDH209T,Social Engineering,theory,high,II-ECE-DS-B
2026-09-30,Wednesday,7,14:10,15:00,21ECC205T,Electromagnetic Theory and Interference,theory,high,II-ECE-DS-B
2026-09-30,Wednesday,8,15:10,16:00,21MAB201T,Transforms and Boundary Value Problems,theory,high,II-ECE-DS-B
2026-09-30,Wednesday,9,16:00,16:50,21ECC203T,Digital Logic Design,theory,high,II-ECE-DS-B
2026-10-01,Thursday,1,09:00,09:50,21LEM202T,Universal Human Values-II,theory,high,II-ECE-DS-B
2026-10-01,Thursday,2,09:50,10:40,21LEM202T,Universal Human Values-II,theory,high,II-ECE-DS-B
2026-10-01,Thursday,3,10:50,11:40,21PDM201L,Verbal Reasoning,skill,high,II-ECE-DS-B
2026-10-01,Thursday,4,11:40,12:30,21PDM201L,Verbal Reasoning,skill,high,II-ECE-DS-B
2026-10-01,Thursday,6,13:20,14:10,21MAB201T,Transforms and Boundary Value Problems,theory,high,II-ECE-DS-B
2026-10-01,Thursday,7,14:10,15:00,21CSS201T,Computer Organization and Architecture,theory,high,II-ECE-DS-B
2026-10-01,Thursday,8,15:10,16:00,21ECC201T,Solid State Devices,theory,high,II-ECE-DS-B
2026-10-01,Thursday,9,16:00,16:50,21ECC205T,Electromagnetic Theory and Interference,theory,high,II-ECE-DS-B
2026-10-02,Friday,1,09:00,09:50,21PDM201L,Verbal Reasoning,skill,high,II-ECE-DS-B
2026-10-02,Friday,6,13:20,14:10,21LEM201T,Professional Ethics,theory,high,II-ECE-DS-B
2026-10-02,Friday,7,14:10,15:00,21MAB201T,Transforms and Boundary Value Problems,theory,high,II-ECE-DS-B
2026-10-02,Friday,8,15:10,16:00,21ECC201T,Solid State Devices,theory,high,II-ECE-DS-B
2026-10-02,Friday,9,16:00,16:50,21CSS201T,Computer Organization and Architecture,theory,high,II-ECE-DS-B
2026-10-05,Monday,3,10:50,11:40,21ECC211L,Devices and Digital IC Laboratory,lab,high,II-ECE-DS-B
2026-10-05,Monday,4,11:40,12:30,21ECC211L,Devices and Digital IC Laboratory,lab,high,II-ECE-DS-B
2026-10-05,Monday,6,13:20,14:10,21ECC203T,Digital Logic Design,theory,high,II-ECE-DS-B
2026-10-05,Monday,7,14:10,15:00,21ECC201T,Solid State Devices,theory,high,II-ECE-DS-B
2026-10-05,Monday,8,15:10,16:00,21CSS201T,Computer Organization and Architecture,theory,high,II-ECE-DS-B
2026-10-05,Monday,9,16:00,16:50,21PDH209T,Social Engineering,theory,high,II-ECE-DS-B
2026-10-06,Tuesday,1,09:00,09:50,21ECC211L,Devices and Digital IC Laboratory,lab,high,II-ECE-DS-B
2026-10-06,Tuesday,2,09:50,10:40,21ECC211L,Devices and Digital IC Laboratory,lab,high,II-ECE-DS-B
2026-10-06,Tuesday,6,13:20,14:10,21CSS201T,Computer Organization and Architecture,theory,high,II-ECE-DS-B
2026-10-06,Tuesday,7,14:10,15:00,21ECC203T,Digital Logic Design,theory,high,II-ECE-DS-B
2026-10-06,Tuesday,8,15:10,16:00,21ECC205T,Electromagnetic Theory and Interference,theory,high,II-ECE-DS-B
2026-10-06,Tuesday,9,16:00,16:50,21MAB201T,Transforms and Boundary Value Problems,theory,high,II-ECE-DS-B
2026-10-07,Wednesday,1,09:00,09:50,21LEM202T,Universal Human Values-II,theory,high,II-ECE-DS-B
2026-10-07,Wednesday,6,13:20,14:10,21PDH209T,Social Engineering,theory,high,II-ECE-DS-B
2026-10-07,Wednesday,7,14:10,15:00,21ECC205T,Electromagnetic Theory and Interference,theory,high,II-ECE-DS-B
2026-10-07,Wednesday,8,15:10,16:00,21MAB201T,Transforms and Boundary Value Problems,theory,high,II-ECE-DS-B
2026-10-07,Wednesday,9,16:00,16:50,21ECC203T,Digital Logic Design,theory,high,II-ECE-DS-B
2026-10-08,Thursday,1,09:00,09:50,21LEM202T,Universal Human Values-II,theory,high,II-ECE-DS-B
2026-10-08,Thursday,2,09:50,10:40,21LEM202T,Universal Human Values-II,theory,high,II-ECE-DS-B
2026-10-08,Thursday,3,10:50,11:40,21PDM201L,Verbal Reasoning,skill,high,II-ECE-DS-B
2026-10-08,Thursday,4,11:40,12:30,21PDM201L,Verbal Reasoning,skill,high,II-ECE-DS-B
2026-10-08,Thursday,6,13:20,14:10,21MAB201T,Transforms and Boundary Value Problems,theory,high,II-ECE-DS-B
2026-10-08,Thursday,7,14:10,15:00,21CSS201T,Computer Organization and Architecture,theory,high,II-ECE-DS-B
2026-10-08,Thursday,8,15:10,16:00,21ECC201T,Solid State Devices,theory,high,II-ECE-DS-B
2026-10-08,Thursday,9,16:00,16:50,21ECC205T,Electromagnetic Theory and Interference,theory,high,II-ECE-DS-B
2026-10-09,Friday,1,09:00,09:50,21PDM201L,Verbal Reasoning,skill,high,II-ECE-DS-B
2026-10-09,Friday,6,13:20,14:10,21LEM201T,Professional Ethics,theory,high,II-ECE-DS-B
2026-10-09,Friday,7,14:10,15:00,21MAB201T,Transforms and Boundary Value Problems,theory,high,II-ECE-DS-B
2026-10-09,Friday,8,15:10,16:00,21ECC201T,Solid State Devices,theory,high,II-ECE-DS-B
2026-10-09,Friday,9,16:00,16:50,21CSS201T,Computer Organization and Architecture,theory,high,II-ECE-DS-B
2026-10-12,Monday,3,10:50,11:40,21ECC211L,Devices and Digital IC Laboratory,lab,high,II-ECE-DS-B
2026-10-12,Monday,4,11:40,12:30,21ECC211L,Devices and Digital IC Laboratory,lab,high,II-ECE-DS-B
2026-10-12,Monday,6,13:20,14:10,21ECC203T,Digital Logic Design,theory,high,II-ECE-DS-B
2026-10-12,Monday,7,14:10,15:00,21ECC201T,Solid State Devices,theory,high,II-ECE-DS-B
2026-10-12,Monday,8,15:10,16:00,21CSS201T,Computer Organization and Architecture,theory,high,II-ECE-DS-B
2026-10-12,Monday,9,16:00,16:50,21PDH209T,Social Engineering,theory,high,II-ECE-DS-B
2026-10-13,Tuesday,1,09:00,09:50,21ECC211L,Devices and Digital IC Laboratory,lab,high,II-ECE-DS-B
2026-10-13,Tuesday,2,09:50,10:40,21ECC211L,Devices and Digital IC Laboratory,lab,high,II-ECE-DS-B
2026-10-13,Tuesday,6,13:20,14:10,21CSS201T,Computer Organization and Architecture,theory,high,II-ECE-DS-B
2026-10-13,Tuesday,7,14:10,15:00,21ECC203T,Digital Logic Design,theory,high,II-ECE-DS-B
2026-10-13,Tuesday,8,15:10,16:00,21ECC205T,Electromagnetic Theory and Interference,theory,high,II-ECE-DS-B
2026-10-13,Tuesday,9,16:00,16:50,21MAB201T,Transforms and Boundary Value Problems,theory,high,II-ECE-DS-B
2026-10-14,Wednesday,1,09:00,09:50,21LEM202T,Universal Human Values-II,theory,high,II-ECE-DS-B
2026-10-14,Wednesday,6,13:20,14:10,21PDH209T,Social Engineering,theory,high,II-ECE-DS-B
2026-10-14,Wednesday,7,14:10,15:00,21ECC205T,Electromagnetic Theory and Interference,theory,high,II-ECE-DS-B
2026-10-14,Wednesday,8,15:10,16:00,21MAB201T,Transforms and Boundary Value Problems,theory,high,II-ECE-DS-B
2026-10-14,Wednesday,9,16:00,16:50,21ECC203T,Digital Logic Design,theory,high,II-ECE-DS-B
2026-10-15,Thursday,1,09:00,09:50,21LEM202T,Universal Human Values-II,theory,high,II-ECE-DS-B
2026-10-15,Thursday,2,09:50,10:40,21LEM202T,Universal Human Values-II,theory,high,II-ECE-DS-B
2026-10-15,Thursday,3,10:50,11:40,21PDM201L,Verbal Reasoning,skill,high,II-ECE-DS-B
2026-10-15,Thursday,4,11:40,12:30,21PDM201L,Verbal Reasoning,skill,high,II-ECE-DS-B
2026-10-15,Thursday,6,13:20,14:10,21MAB201T,Transforms and Boundary Value Problems,theory,high,II-ECE-DS-B
2026-10-15,Thursday,7,14:10,15:00,21CSS201T,Computer Organization and Architecture,theory,high,II-ECE-DS-B
2026-10-15,Thursday,8,15:10,16:00,21ECC201T,Solid State Devices,theory,high,II-ECE-DS-B
2026-10-15,Thursday,9,16:00,16:50,21ECC205T,Electromagnetic Theory and Interference,theory,high,II-ECE-DS-B
2026-10-16,Friday,1,09:00,09:50,21PDM201L,Verbal Reasoning,skill,high,II-ECE-DS-B
2026-10-16,Friday,6,13:20,14:10,21LEM201T,Professional Ethics,theory,high,II-ECE-DS-B
2026-10-16,Friday,7,14:10,15:00,21MAB201T,Transforms and Boundary Value Problems,theory,high,II-ECE-DS-B
2026-10-16,Friday,8,15:10,16:00,21ECC201T,Solid State Devices,theory,high,II-ECE-DS-B
2026-10-16,Friday,9,16:00,16:50,21CSS201T,Computer Organization and Architecture,theory,high,II-ECE-DS-B
2026-10-19,Monday,3,10:50,11:40,21ECC211L,Devices and Digital IC Laboratory,lab,high,II-ECE-DS-B
2026-10-19,Monday,4,11:40,12:30,21ECC211L,Devices and Digital IC Laboratory,lab,high,II-ECE-DS-B
2026-10-19,Monday,6,13:20,14:10,21ECC203T,Digital Logic Design,theory,high,II-ECE-DS-B
2026-10-19,Monday,7,14:10,15:00,21ECC201T,Solid State Devices,theory,high,II-ECE-DS-B
2026-10-19,Monday,8,15:10,16:00,21CSS201T,Computer Organization and Architecture,theory,high,II-ECE-DS-B
2026-10-19,Monday,9,16:00,16:50,21PDH209T,Social Engineering,theory,high,II-ECE-DS-B
2026-10-20,Tuesday,1,09:00,09:50,21ECC211L,Devices and Digital IC Laboratory,lab,high,II-ECE-DS-B
2026-10-20,Tuesday,2,09:50,10:40,21ECC211L,Devices and Digital IC Laboratory,lab,high,II-ECE-DS-B
2026-10-20,Tuesday,6,13:20,14:10,21CSS201T,Computer Organization and Architecture,theory,high,II-ECE-DS-B
2026-10-20,Tuesday,7,14:10,15:00,21ECC203T,Digital Logic Design,theory,high,II-ECE-DS-B
2026-10-20,Tuesday,8,15:10,16:00,21ECC205T,Electromagnetic Theory and Interference,theory,high,II-ECE-DS-B
2026-10-20,Tuesday,9,16:00,16:50,21MAB201T,Transforms and Boundary Value Problems,theory,high,II-ECE-DS-B
2026-10-21,Wednesday,1,09:00,09:50,21LEM202T,Universal Human Values-II,theory,high,II-ECE-DS-B
2026-10-21,Wednesday,6,13:20,14:10,21PDH209T,Social Engineering,theory,high,II-ECE-DS-B
2026-10-21,Wednesday,7,14:10,15:00,21ECC205T,Electromagnetic Theory and Interference,theory,high,II-ECE-DS-B
2026-10-21,Wednesday,8,15:10,16:00,21MAB201T,Transforms and Boundary Value Problems,theory,high,II-ECE-DS-B
2026-10-21,Wednesday,9,16:00,16:50,21ECC203T,Digital Logic Design,theory,high,II-ECE-DS-B
2026-10-22,Thursday,1,09:00,09:50,21LEM202T,Universal Human Values-II,theory,high,II-ECE-DS-B
2026-10-22,Thursday,2,09:50,10:40,21LEM202T,Universal Human Values-II,theory,high,II-ECE-DS-B
2026-10-22,Thursday,3,10:50,11:40,21PDM201L,Verbal Reasoning,skill,high,II-ECE-DS-B
2026-10-22,Thursday,4,11:40,12:30,21PDM201L,Verbal Reasoning,skill,high,II-ECE-DS-B
2026-10-22,Thursday,6,13:20,14:10,21MAB201T,Transforms and Boundary Value Problems,theory,high,II-ECE-DS-B
2026-10-22,Thursday,7,14:10,15:00,21CSS201T,Computer Organization and Architecture,theory,high,II-ECE-DS-B
2026-10-22,Thursday,8,15:10,16:00,21ECC201T,Solid State Devices,theory,high,II-ECE-DS-B
2026-10-22,Thursday,9,16:00,16:50,21ECC205T,Electromagnetic Theory and Interference,theory,high,II-ECE-DS-B
2026-10-23,Friday,1,09:00,09:50,21PDM201L,Verbal Reasoning,skill,high,II-ECE-DS-B
2026-10-23,Friday,6,13:20,14:10,21LEM201T,Professional Ethics,theory,high,II-ECE-DS-B
2026-10-23,Friday,7,14:10,15:00,21MAB201T,Transforms and Boundary Value Problems,theory,high,II-ECE-DS-B
2026-10-23,Friday,8,15:10,16:00,21ECC201T,Solid State Devices,theory,high,II-ECE-DS-B
2026-10-23,Friday,9,16:00,16:50,21CSS201T,Computer Organization and Architecture,theory,high,II-ECE-DS-B
2026-10-26,Monday,3,10:50,11:40,21ECC211L,Devices and Digital IC Laboratory,lab,high,II-ECE-DS-B
2026-10-26,Monday,4,11:40,12:30,21ECC211L,Devices and Digital IC Laboratory,lab,high,II-ECE-DS-B
2026-10-26,Monday,6,13:20,14:10,21ECC203T,Digital Logic Design,theory,high,II-ECE-DS-B
2026-10-26,Monday,7,14:10,15:00,21ECC201T,Solid State Devices,theory,high,II-ECE-DS-B
2026-10-26,Monday,8,15:10,16:00,21CSS201T,Computer Organization and Architecture,theory,high,II-ECE-DS-B
2026-10-26,Monday,9,16:00,16:50,21PDH209T,Social Engineering,theory,high,II-ECE-DS-B
2026-10-27,Tuesday,1,09:00,09:50,21ECC211L,Devices and Digital IC Laboratory,lab,high,II-ECE-DS-B
2026-10-27,Tuesday,2,09:50,10:40,21ECC211L,Devices and Digital IC Laboratory,lab,high,II-ECE-DS-B
2026-10-27,Tuesday,6,13:20,14:10,21CSS201T,Computer Organization and Architecture,theory,high,II-ECE-DS-B
2026-10-27,Tuesday,7,14:10,15:00,21ECC203T,Digital Logic Design,theory,high,II-ECE-DS-B
2026-10-27,Tuesday,8,15:10,16:00,21ECC205T,Electromagnetic Theory and Interference,theory,high,II-ECE-DS-B
2026-10-27,Tuesday,9,16:00,16:50,21MAB201T,Transforms and Boundary Value Problems,theory,high,II-ECE-DS-B
2026-10-28,Wednesday,1,09:00,09:50,21LEM202T,Universal Human Values-II,theory,high,II-ECE-DS-B
2026-10-28,Wednesday,6,13:20,14:10,21PDH209T,Social Engineering,theory,high,II-ECE-DS-B
2026-10-28,Wednesday,7,14:10,15:00,21ECC205T,Electromagnetic Theory and Interference,theory,high,II-ECE-DS-B
2026-10-28,Wednesday,8,15:10,16:00,21MAB201T,Transforms and Boundary Value Problems,theory,high,II-ECE-DS-B
2026-10-28,Wednesday,9,16:00,16:50,21ECC203T,Digital Logic Design,theory,high,II-ECE-DS-B
2026-10-29,Thursday,1,09:00,09:50,21LEM202T,Universal Human Values-II,theory,high,II-ECE-DS-B
2026-10-29,Thursday,2,09:50,10:40,21LEM202T,Universal Human Values-II,theory,high,II-ECE-DS-B
2026-10-29,Thursday,3,10:50,11:40,21PDM201L,Verbal Reasoning,skill,high,II-ECE-DS-B
2026-10-29,Thursday,4,11:40,12:30,21PDM201L,Verbal Reasoning,skill,high,II-ECE-DS-B
2026-10-29,Thursday,6,13:20,14:10,21MAB201T,Transforms and Boundary Value Problems,theory,high,II-ECE-DS-B
2026-10-29,Thursday,7,14:10,15:00,21CSS201T,Computer Organization and Architecture,theory,high,II-ECE-DS-B
2026-10-29,Thursday,8,15:10,16:00,21ECC201T,Solid State Devices,theory,high,II-ECE-DS-B
2026-10-29,Thursday,9,16:00,16:50,21ECC205T,Electromagnetic Theory and Interference,theory,high,II-ECE-DS-B
2026-10-30,Friday,1,09:00,09:50,21PDM201L,Verbal Reasoning,skill,high,II-ECE-DS-B
2026-10-30,Friday,6,13:20,14:10,21LEM201T,Professional Ethics,theory,high,II-ECE-DS-B
2026-10-30,Friday,7,14:10,15:00,21MAB201T,Transforms and Boundary Value Problems,theory,high,II-ECE-DS-B
2026-10-30,Friday,8,15:10,16:00,21ECC201T,Solid State Devices,theory,high,II-ECE-DS-B
2026-10-30,Friday,9,16:00,16:50,21CSS201T,Computer Organization and Architecture,theory,high,II-ECE-DS-B
2026-11-02,Monday,3,10:50,11:40,21ECC211L,Devices and Digital IC Laboratory,lab,high,II-ECE-DS-B
2026-11-02,Monday,4,11:40,12:30,21ECC211L,Devices and Digital IC Laboratory,lab,high,II-ECE-DS-B
2026-11-02,Monday,6,13:20,14:10,21ECC203T,Digital Logic Design,theory,high,II-ECE-DS-B
2026-11-02,Monday,7,14:10,15:00,21ECC201T,Solid State Devices,theory,high,II-ECE-DS-B
2026-11-02,Monday,8,15:10,16:00,21CSS201T,Computer Organization and Architecture,theory,high,II-ECE-DS-B
2026-11-02,Monday,9,16:00,16:50,21PDH209T,Social Engineering,theory,high,II-ECE-DS-B
2026-11-03,Tuesday,1,09:00,09:50,21ECC211L,Devices and Digital IC Laboratory,lab,high,II-ECE-DS-B
2026-11-03,Tuesday,2,09:50,10:40,21ECC211L,Devices and Digital IC Laboratory,lab,high,II-ECE-DS-B
2026-11-03,Tuesday,6,13:20,14:10,21CSS201T,Computer Organization and Architecture,theory,high,II-ECE-DS-B
2026-11-03,Tuesday,7,14:10,15:00,21ECC203T,Digital Logic Design,theory,high,II-ECE-DS-B
2026-11-03,Tuesday,8,15:10,16:00,21ECC205T,Electromagnetic Theory and Interference,theory,high,II-ECE-DS-B
2026-11-03,Tuesday,9,16:00,16:50,21MAB201T,Transforms and Boundary Value Problems,theory,high,II-ECE-DS-B
2026-11-04,Wednesday,1,09:00,09:50,21LEM202T,Universal Human Values-II,theory,high,II-ECE-DS-B
2026-11-04,Wednesday,6,13:20,14:10,21PDH209T,Social Engineering,theory,high,II-ECE-DS-B
2026-11-04,Wednesday,7,14:10,15:00,21ECC205T,Electromagnetic Theory and Interference,theory,high,II-ECE-DS-B
2026-11-04,Wednesday,8,15:10,16:00,21MAB201T,Transforms and Boundary Value Problems,theory,high,II-ECE-DS-B
2026-11-04,Wednesday,9,16:00,16:50,21ECC203T,Digital Logic Design,theory,high,II-ECE-DS-B
2026-11-05,Thursday,1,09:00,09:50,21LEM202T,Universal Human Values-II,theory,high,II-ECE-DS-B
2026-11-05,Thursday,2,09:50,10:40,21LEM202T,Universal Human Values-II,theory,high,II-ECE-DS-B
2026-11-05,Thursday,3,10:50,11:40,21PDM201L,Verbal Reasoning,skill,high,II-ECE-DS-B
2026-11-05,Thursday,4,11:40,12:30,21PDM201L,Verbal Reasoning,skill,high,II-ECE-DS-B
2026-11-05,Thursday,6,13:20,14:10,21MAB201T,Transforms and Boundary Value Problems,theory,high,II-ECE-DS-B
2026-11-05,Thursday,7,14:10,15:00,21CSS201T,Computer Organization and Architecture,theory,high,II-ECE-DS-B
2026-11-05,Thursday,8,15:10,16:00,21ECC201T,Solid State Devices,theory,high,II-ECE-DS-B
2026-11-05,Thursday,9,16:00,16:50,21ECC205T,Electromagnetic Theory and Interference,theory,high,II-ECE-DS-B
2026-11-06,Friday,1,09:00,09:50,21PDM201L,Verbal Reasoning,skill,high,II-ECE-DS-B
2026-11-06,Friday,6,13:20,14:10,21LEM201T,Professional Ethics,theory,high,II-ECE-DS-B
2026-11-06,Friday,7,14:10,15:00,21MAB201T,Transforms and Boundary Value Problems,theory,high,II-ECE-DS-B
2026-11-06,Friday,8,15:10,16:00,21ECC201T,Solid State Devices,theory,high,II-ECE-DS-B
2026-11-06,Friday,9,16:00,16:50,21CSS201T,Computer Organization and Architecture,theory,high,II-ECE-DS-B
2026-11-09,Monday,3,10:50,11:40,21ECC211L,Devices and Digital IC Laboratory,lab,high,II-ECE-DS-B
2026-11-09,Monday,4,11:40,12:30,21ECC211L,Devices and Digital IC Laboratory,lab,high,II-ECE-DS-B
2026-11-09,Monday,6,13:20,14:10,21ECC203T,Digital Logic Design,theory,high,II-ECE-DS-B
2026-11-09,Monday,7,14:10,15:00,21ECC201T,Solid State Devices,theory,high,II-ECE-DS-B
2026-11-09,Monday,8,15:10,16:00,21CSS201T,Computer Organization and Architecture,theory,high,II-ECE-DS-B
2026-11-09,Monday,9,16:00,16:50,21PDH209T,Social Engineering,theory,high,II-ECE-DS-B
2026-11-10,Tuesday,1,09:00,09:50,21ECC211L,Devices and Digital IC Laboratory,lab,high,II-ECE-DS-B
2026-11-10,Tuesday,2,09:50,10:40,21ECC211L,Devices and Digital IC Laboratory,lab,high,II-ECE-DS-B
2026-11-10,Tuesday,6,13:20,14:10,21CSS201T,Computer Organization and Architecture,theory,high,II-ECE-DS-B
2026-11-10,Tuesday,7,14:10,15:00,21ECC203T,Digital Logic Design,theory,high,II-ECE-DS-B
2026-11-10,Tuesday,8,15:10,16:00,21ECC205T,Electromagnetic Theory and Interference,theory,high,II-ECE-DS-B
2026-11-10,Tuesday,9,16:00,16:50,21MAB201T,Transforms and Boundary Value Problems,theory,high,II-ECE-DS-B
2026-11-11,Wednesday,1,09:00,09:50,21LEM202T,Universal Human Values-II,theory,high,II-ECE-DS-B
2026-11-11,Wednesday,6,13:20,14:10,21PDH209T,Social Engineering,theory,high,II-ECE-DS-B
2026-11-11,Wednesday,7,14:10,15:00,21ECC205T,Electromagnetic Theory and Interference,theory,high,II-ECE-DS-B
2026-11-11,Wednesday,8,15:10,16:00,21MAB201T,Transforms and Boundary Value Problems,theory,high,II-ECE-DS-B
2026-11-11,Wednesday,9,16:00,16:50,21ECC203T,Digital Logic Design,theory,high,II-ECE-DS-B
2026-11-12,Thursday,1,09:00,09:50,21LEM202T,Universal Human Values-II,theory,high,II-ECE-DS-B
2026-11-12,Thursday,2,09:50,10:40,21LEM202T,Universal Human Values-II,theory,high,II-ECE-DS-B
2026-11-12,Thursday,3,10:50,11:40,21PDM201L,Verbal Reasoning,skill,high,II-ECE-DS-B
2026-11-12,Thursday,4,11:40,12:30,21PDM201L,Verbal Reasoning,skill,high,II-ECE-DS-B
2026-11-12,Thursday,6,13:20,14:10,21MAB201T,Transforms and Boundary Value Problems,theory,high,II-ECE-DS-B
2026-11-12,Thursday,7,14:10,15:00,21CSS201T,Computer Organization and Architecture,theory,high,II-ECE-DS-B
2026-11-12,Thursday,8,15:10,16:00,21ECC201T,Solid State Devices,theory,high,II-ECE-DS-B
2026-11-12,Thursday,9,16:00,16:50,21ECC205T,Electromagnetic Theory and Interference,theory,high,II-ECE-DS-B
2026-11-13,Friday,1,09:00,09:50,21PDM201L,Verbal Reasoning,skill,high,II-ECE-DS-B
2026-11-13,Friday,6,13:20,14:10,21LEM201T,Professional Ethics,theory,high,II-ECE-DS-B
2026-11-13,Friday,7,14:10,15:00,21MAB201T,Transforms and Boundary Value Problems,theory,high,II-ECE-DS-B
2026-11-13,Friday,8,15:10,16:00,21ECC201T,Solid State Devices,theory,high,II-ECE-DS-B
2026-11-13,Friday,9,16:00,16:50,21CSS201T,Computer Organization and Architecture,theory,high,II-ECE-DS-B
2026-11-16,Monday,3,10:50,11:40,21ECC211L,Devices and Digital IC Laboratory,lab,high,II-ECE-DS-B
2026-11-16,Monday,4,11:40,12:30,21ECC211L,Devices and Digital IC Laboratory,lab,high,II-ECE-DS-B
2026-11-16,Monday,6,13:20,14:10,21ECC203T,Digital Logic Design,theory,high,II-ECE-DS-B
2026-11-16,Monday,7,14:10,15:00,21ECC201T,Solid State Devices,theory,high,II-ECE-DS-B
2026-11-16,Monday,8,15:10,16:00,21CSS201T,Computer Organization and Architecture,theory,high,II-ECE-DS-B
2026-11-16,Monday,9,16:00,16:50,21PDH209T,Social Engineering,theory,high,II-ECE-DS-B
2026-11-17,Tuesday,1,09:00,09:50,21ECC211L,Devices and Digital IC Laboratory,lab,high,II-ECE-DS-B
2026-11-17,Tuesday,2,09:50,10:40,21ECC211L,Devices and Digital IC Laboratory,lab,high,II-ECE-DS-B
2026-11-17,Tuesday,6,13:20,14:10,21CSS201T,Computer Organization and Architecture,theory,high,II-ECE-DS-B
2026-11-17,Tuesday,7,14:10,15:00,21ECC203T,Digital Logic Design,theory,high,II-ECE-DS-B
2026-11-17,Tuesday,8,15:10,16:00,21ECC205T,Electromagnetic Theory and Interference,theory,high,II-ECE-DS-B
2026-11-17,Tuesday,9,16:00,16:50,21MAB201T,Transforms and Boundary Value Problems,theory,high,II-ECE-DS-B
2026-11-18,Wednesday,1,09:00,09:50,21LEM202T,Universal Human Values-II,theory,high,II-ECE-DS-B
2026-11-18,Wednesday,6,13:20,14:10,21PDH209T,Social Engineering,theory,high,II-ECE-DS-B
2026-11-18,Wednesday,7,14:10,15:00,21ECC205T,Electromagnetic Theory and Interference,theory,high,II-ECE-DS-B
2026-11-18,Wednesday,8,15:10,16:00,21MAB201T,Transforms and Boundary Value Problems,theory,high,II-ECE-DS-B
2026-11-18,Wednesday,9,16:00,16:50,21ECC203T,Digital Logic Design,theory,high,II-ECE-DS-B
2026-11-19,Thursday,1,09:00,09:50,21LEM202T,Universal Human Values-II,theory,high,II-ECE-DS-B
2026-11-19,Thursday,2,09:50,10:40,21LEM202T,Universal Human Values-II,theory,high,II-ECE-DS-B
2026-11-19,Thursday,3,10:50,11:40,21PDM201L,Verbal Reasoning,skill,high,II-ECE-DS-B
2026-11-19,Thursday,4,11:40,12:30,21PDM201L,Verbal Reasoning,skill,high,II-ECE-DS-B
2026-11-19,Thursday,6,13:20,14:10,21MAB201T,Transforms and Boundary Value Problems,theory,high,II-ECE-DS-B
2026-11-19,Thursday,7,14:10,15:00,21CSS201T,Computer Organization and Architecture,theory,high,II-ECE-DS-B
2026-11-19,Thursday,8,15:10,16:00,21ECC201T,Solid State Devices,theory,high,II-ECE-DS-B
2026-11-19,Thursday,9,16:00,16:50,21ECC205T,Electromagnetic Theory and Interference,theory,high,II-ECE-DS-B
2026-11-20,Friday,1,09:00,09:50,21PDM201L,Verbal Reasoning,skill,high,II-ECE-DS-B
2026-11-20,Friday,6,13:20,14:10,21LEM201T,Professional Ethics,theory,high,II-ECE-DS-B
2026-11-20,Friday,7,14:10,15:00,21MAB201T,Transforms and Boundary Value Problems,theory,high,II-ECE-DS-B
2026-11-20,Friday,8,15:10,16:00,21ECC201T,Solid State Devices,theory,high,II-ECE-DS-B
2026-11-20,Friday,9,16:00,16:50,21CSS201T,Computer Organization and Architecture,theory,high,II-ECE-DS-B
2026-11-23,Monday,3,10:50,11:40,21ECC211L,Devices and Digital IC Laboratory,lab,high,II-ECE-DS-B
2026-11-23,Monday,4,11:40,12:30,21ECC211L,Devices and Digital IC Laboratory,lab,high,II-ECE-DS-B
2026-11-23,Monday,6,13:20,14:10,21ECC203T,Digital Logic Design,theory,high,II-ECE-DS-B
2026-11-23,Monday,7,14:10,15:00,21ECC201T,Solid State Devices,theory,high,II-ECE-DS-B
2026-11-23,Monday,8,15:10,16:00,21CSS201T,Computer Organization and Architecture,theory,high,II-ECE-DS-B
2026-11-23,Monday,9,16:00,16:50,21PDH209T,Social Engineering,theory,high,II-ECE-DS-B
2026-11-24,Tuesday,1,09:00,09:50,21ECC211L,Devices and Digital IC Laboratory,lab,high,II-ECE-DS-B
2026-11-24,Tuesday,2,09:50,10:40,21ECC211L,Devices and Digital IC Laboratory,lab,high,II-ECE-DS-B
2026-11-24,Tuesday,6,13:20,14:10,21CSS201T,Computer Organization and Architecture,theory,high,II-ECE-DS-B
2026-11-24,Tuesday,7,14:10,15:00,21ECC203T,Digital Logic Design,theory,high,II-ECE-DS-B
2026-11-24,Tuesday,8,15:10,16:00,21ECC205T,Electromagnetic Theory and Interference,theory,high,II-ECE-DS-B
2026-11-24,Tuesday,9,16:00,16:50,21MAB201T,Transforms and Boundary Value Problems,theory,high,II-ECE-DS-B
2026-11-25,Wednesday,1,09:00,09:50,21LEM202T,Universal Human Values-II,theory,high,II-ECE-DS-B
2026-11-25,Wednesday,6,13:20,14:10,21PDH209T,Social Engineering,theory,high,II-ECE-DS-B
2026-11-25,Wednesday,7,14:10,15:00,21ECC205T,Electromagnetic Theory and Interference,theory,high,II-ECE-DS-B
2026-11-25,Wednesday,8,15:10,16:00,21MAB201T,Transforms and Boundary Value Problems,theory,high,II-ECE-DS-B
2026-11-25,Wednesday,9,16:00,16:50,21ECC203T,Digital Logic Design,theory,high,II-ECE-DS-B
2026-11-26,Thursday,1,09:00,09:50,21LEM202T,Universal Human Values-II,theory,high,II-ECE-DS-B
2026-11-26,Thursday,2,09:50,10:40,21LEM202T,Universal Human Values-II,theory,high,II-ECE-DS-B
2026-11-26,Thursday,3,10:50,11:40,21PDM201L,Verbal Reasoning,skill,high,II-ECE-DS-B
2026-11-26,Thursday,4,11:40,12:30,21PDM201L,Verbal Reasoning,skill,high,II-ECE-DS-B
2026-11-26,Thursday,6,13:20,14:10,21MAB201T,Transforms and Boundary Value Problems,theory,high,II-ECE-DS-B
2026-11-26,Thursday,7,14:10,15:00,21CSS201T,Computer Organization and Architecture,theory,high,II-ECE-DS-B
2026-11-26,Thursday,8,15:10,16:00,21ECC201T,Solid State Devices,theory,high,II-ECE-DS-B
2026-11-26,Thursday,9,16:00,16:50,21ECC205T,Electromagnetic Theory and Interference,theory,high,II-ECE-DS-B
2026-11-27,Friday,1,09:00,09:50,21PDM201L,Verbal Reasoning,skill,high,II-ECE-DS-B
2026-11-27,Friday,6,13:20,14:10,21LEM201T,Professional Ethics,theory,high,II-ECE-DS-B
2026-11-27,Friday,7,14:10,15:00,21MAB201T,Transforms and Boundary Value Problems,theory,high,II-ECE-DS-B
2026-11-27,Friday,8,15:10,16:00,21ECC201T,Solid State Devices,theory,high,II-ECE-DS-B
2026-11-27,Friday,9,16:00,16:50,21CSS201T,Computer Organization and Architecture,theory,high,II-ECE-DS-B
2026-08-31,Monday,1,09:00,09:50,21PDM301L,Analytical and Logical Thinking Skills,skill,high,III-BME
2026-08-31,Monday,2,09:50,10:40,21PDM301L,Analytical and Logical Thinking Skills,skill,high,III-BME
2026-08-31,Monday,3,10:50,11:40,21BMC302J,Microcontrollers and Its Application in Medicine,lab,medium,III-BME
2026-08-31,Monday,4,11:40,12:30,21BMC302J,Microcontrollers and Its Application in Medicine,lab,medium,III-BME
2026-08-31,Monday,6,13:20,14:10,21ECO103T,Modern wireless communication system,theory,high,III-BME
2026-08-31,Monday,7,14:10,15:00,21BMC302J,Microcontrollers and Its Application in Medicine,theory,high,III-BME
2026-08-31,Monday,8,15:10,16:00,21BMC303T,Principles of Medical Imaging,theory,high,III-BME
2026-08-31,Monday,9,16:00,16:50,21LEM301T,Indian Art Form,theory,high,III-BME
2026-09-01,Tuesday,1,09:00,09:50,21BMC301J,Biomedical Signal Processing,lab,medium,III-BME
2026-09-01,Tuesday,2,09:50,10:40,21BMC301J,Biomedical Signal Processing,lab,medium,III-BME
2026-09-01,Tuesday,3,10:50,11:40,21PDM301L,Analytical and Logical Thinking Skills,skill,high,III-BME
2026-09-01,Tuesday,6,13:20,14:10,21BMC301J,Biomedical Signal Processing,theory,high,III-BME
2026-09-01,Tuesday,7,14:10,15:00,21BME266T,Biometrics,theory,high,III-BME
2026-09-01,Tuesday,8,15:10,16:00,21MAB301T,Probability and Statistics,theory,high,III-BME
2026-09-01,Tuesday,9,16:00,16:50,21BMC302J,Microcontrollers and Its Application in Medicine,theory,high,III-BME
2026-09-02,Wednesday,6,13:20,14:10,21BMC301J,Biomedical Signal Processing,theory,high,III-BME
2026-09-02,Wednesday,7,14:10,15:00,21MAB301T,Probability and Statistics,theory,high,III-BME
2026-09-02,Wednesday,8,15:10,16:00,21BMC303T,Principles of Medical Imaging,theory,high,III-BME
2026-09-02,Wednesday,9,16:00,16:50,21BME266T,Biometrics,theory,high,III-BME
2026-09-03,Thursday,4,11:40,12:30,21GNP301L,Community Connect,practical,high,III-BME
2026-09-03,Thursday,6,13:20,14:10,21MAB301T,Probability and Statistics,theory,high,III-BME
2026-09-03,Thursday,7,14:10,15:00,21BMC301J,Biomedical Signal Processing,theory,high,III-BME
2026-09-03,Thursday,8,15:10,16:00,21ECO103T,Modern wireless communication system,theory,high,III-BME
2026-09-03,Thursday,9,16:00,16:50,21BMC302J,Microcontrollers and Its Application in Medicine,theory,high,III-BME
2026-09-04,Friday,1,09:00,09:50,21GNP301L,Community Connect,practical,high,III-BME
2026-09-04,Friday,6,13:20,14:10,21BMC303T,Principles of Medical Imaging,theory,high,III-BME
2026-09-04,Friday,7,14:10,15:00,21MAB301T,Probability and Statistics,theory,high,III-BME
2026-09-04,Friday,8,15:10,16:00,21BME266T,Biometrics,theory,high,III-BME
2026-09-04,Friday,9,16:00,16:50,21ECO103T,Modern wireless communication system,theory,high,III-BME
2026-09-07,Monday,1,09:00,09:50,21PDM301L,Analytical and Logical Thinking Skills,skill,high,III-BME
2026-09-07,Monday,2,09:50,10:40,21PDM301L,Analytical and Logical Thinking Skills,skill,high,III-BME
2026-09-07,Monday,3,10:50,11:40,21BMC302J,Microcontrollers and Its Application in Medicine,lab,medium,III-BME
2026-09-07,Monday,4,11:40,12:30,21BMC302J,Microcontrollers and Its Application in Medicine,lab,medium,III-BME
2026-09-07,Monday,6,13:20,14:10,21ECO103T,Modern wireless communication system,theory,high,III-BME
2026-09-07,Monday,7,14:10,15:00,21BMC302J,Microcontrollers and Its Application in Medicine,theory,high,III-BME
2026-09-07,Monday,8,15:10,16:00,21BMC303T,Principles of Medical Imaging,theory,high,III-BME
2026-09-07,Monday,9,16:00,16:50,21LEM301T,Indian Art Form,theory,high,III-BME
2026-09-08,Tuesday,1,09:00,09:50,21BMC301J,Biomedical Signal Processing,lab,medium,III-BME
2026-09-08,Tuesday,2,09:50,10:40,21BMC301J,Biomedical Signal Processing,lab,medium,III-BME
2026-09-08,Tuesday,3,10:50,11:40,21PDM301L,Analytical and Logical Thinking Skills,skill,high,III-BME
2026-09-08,Tuesday,6,13:20,14:10,21BMC301J,Biomedical Signal Processing,theory,high,III-BME
2026-09-08,Tuesday,7,14:10,15:00,21BME266T,Biometrics,theory,high,III-BME
2026-09-08,Tuesday,8,15:10,16:00,21MAB301T,Probability and Statistics,theory,high,III-BME
2026-09-08,Tuesday,9,16:00,16:50,21BMC302J,Microcontrollers and Its Application in Medicine,theory,high,III-BME
2026-09-09,Wednesday,6,13:20,14:10,21BMC301J,Biomedical Signal Processing,theory,high,III-BME
2026-09-09,Wednesday,7,14:10,15:00,21MAB301T,Probability and Statistics,theory,high,III-BME
2026-09-09,Wednesday,8,15:10,16:00,21BMC303T,Principles of Medical Imaging,theory,high,III-BME
2026-09-09,Wednesday,9,16:00,16:50,21BME266T,Biometrics,theory,high,III-BME
2026-09-10,Thursday,4,11:40,12:30,21GNP301L,Community Connect,practical,high,III-BME
2026-09-10,Thursday,6,13:20,14:10,21MAB301T,Probability and Statistics,theory,high,III-BME
2026-09-10,Thursday,7,14:10,15:00,21BMC301J,Biomedical Signal Processing,theory,high,III-BME
2026-09-10,Thursday,8,15:10,16:00,21ECO103T,Modern wireless communication system,theory,high,III-BME
2026-09-10,Thursday,9,16:00,16:50,21BMC302J,Microcontrollers and Its Application in Medicine,theory,high,III-BME
2026-09-11,Friday,1,09:00,09:50,21GNP301L,Community Connect,practical,high,III-BME
2026-09-11,Friday,6,13:20,14:10,21BMC303T,Principles of Medical Imaging,theory,high,III-BME
2026-09-11,Friday,7,14:10,15:00,21MAB301T,Probability and Statistics,theory,high,III-BME
2026-09-11,Friday,8,15:10,16:00,21BME266T,Biometrics,theory,high,III-BME
2026-09-11,Friday,9,16:00,16:50,21ECO103T,Modern wireless communication system,theory,high,III-BME
2026-09-14,Monday,1,09:00,09:50,21PDM301L,Analytical and Logical Thinking Skills,skill,high,III-BME
2026-09-14,Monday,2,09:50,10:40,21PDM301L,Analytical and Logical Thinking Skills,skill,high,III-BME
2026-09-14,Monday,3,10:50,11:40,21BMC302J,Microcontrollers and Its Application in Medicine,lab,medium,III-BME
2026-09-14,Monday,4,11:40,12:30,21BMC302J,Microcontrollers and Its Application in Medicine,lab,medium,III-BME
2026-09-14,Monday,6,13:20,14:10,21ECO103T,Modern wireless communication system,theory,high,III-BME
2026-09-14,Monday,7,14:10,15:00,21BMC302J,Microcontrollers and Its Application in Medicine,theory,high,III-BME
2026-09-14,Monday,8,15:10,16:00,21BMC303T,Principles of Medical Imaging,theory,high,III-BME
2026-09-14,Monday,9,16:00,16:50,21LEM301T,Indian Art Form,theory,high,III-BME
2026-09-15,Tuesday,1,09:00,09:50,21BMC301J,Biomedical Signal Processing,lab,medium,III-BME
2026-09-15,Tuesday,2,09:50,10:40,21BMC301J,Biomedical Signal Processing,lab,medium,III-BME
2026-09-15,Tuesday,3,10:50,11:40,21PDM301L,Analytical and Logical Thinking Skills,skill,high,III-BME
2026-09-15,Tuesday,6,13:20,14:10,21BMC301J,Biomedical Signal Processing,theory,high,III-BME
2026-09-15,Tuesday,7,14:10,15:00,21BME266T,Biometrics,theory,high,III-BME
2026-09-15,Tuesday,8,15:10,16:00,21MAB301T,Probability and Statistics,theory,high,III-BME
2026-09-15,Tuesday,9,16:00,16:50,21BMC302J,Microcontrollers and Its Application in Medicine,theory,high,III-BME
2026-09-16,Wednesday,6,13:20,14:10,21BMC301J,Biomedical Signal Processing,theory,high,III-BME
2026-09-16,Wednesday,7,14:10,15:00,21MAB301T,Probability and Statistics,theory,high,III-BME
2026-09-16,Wednesday,8,15:10,16:00,21BMC303T,Principles of Medical Imaging,theory,high,III-BME
2026-09-16,Wednesday,9,16:00,16:50,21BME266T,Biometrics,theory,high,III-BME
2026-09-17,Thursday,4,11:40,12:30,21GNP301L,Community Connect,practical,high,III-BME
2026-09-17,Thursday,6,13:20,14:10,21MAB301T,Probability and Statistics,theory,high,III-BME
2026-09-17,Thursday,7,14:10,15:00,21BMC301J,Biomedical Signal Processing,theory,high,III-BME
2026-09-17,Thursday,8,15:10,16:00,21ECO103T,Modern wireless communication system,theory,high,III-BME
2026-09-17,Thursday,9,16:00,16:50,21BMC302J,Microcontrollers and Its Application in Medicine,theory,high,III-BME
2026-09-18,Friday,1,09:00,09:50,21GNP301L,Community Connect,practical,high,III-BME
2026-09-18,Friday,6,13:20,14:10,21BMC303T,Principles of Medical Imaging,theory,high,III-BME
2026-09-18,Friday,7,14:10,15:00,21MAB301T,Probability and Statistics,theory,high,III-BME
2026-09-18,Friday,8,15:10,16:00,21BME266T,Biometrics,theory,high,III-BME
2026-09-18,Friday,9,16:00,16:50,21ECO103T,Modern wireless communication system,theory,high,III-BME
2026-09-21,Monday,1,09:00,09:50,21PDM301L,Analytical and Logical Thinking Skills,skill,high,III-BME
2026-09-21,Monday,2,09:50,10:40,21PDM301L,Analytical and Logical Thinking Skills,skill,high,III-BME
2026-09-21,Monday,3,10:50,11:40,21BMC302J,Microcontrollers and Its Application in Medicine,lab,medium,III-BME
2026-09-21,Monday,4,11:40,12:30,21BMC302J,Microcontrollers and Its Application in Medicine,lab,medium,III-BME
2026-09-21,Monday,6,13:20,14:10,21ECO103T,Modern wireless communication system,theory,high,III-BME
2026-09-21,Monday,7,14:10,15:00,21BMC302J,Microcontrollers and Its Application in Medicine,theory,high,III-BME
2026-09-21,Monday,8,15:10,16:00,21BMC303T,Principles of Medical Imaging,theory,high,III-BME
2026-09-21,Monday,9,16:00,16:50,21LEM301T,Indian Art Form,theory,high,III-BME
2026-09-22,Tuesday,1,09:00,09:50,21BMC301J,Biomedical Signal Processing,lab,medium,III-BME
2026-09-22,Tuesday,2,09:50,10:40,21BMC301J,Biomedical Signal Processing,lab,medium,III-BME
2026-09-22,Tuesday,3,10:50,11:40,21PDM301L,Analytical and Logical Thinking Skills,skill,high,III-BME
2026-09-22,Tuesday,6,13:20,14:10,21BMC301J,Biomedical Signal Processing,theory,high,III-BME
2026-09-22,Tuesday,7,14:10,15:00,21BME266T,Biometrics,theory,high,III-BME
2026-09-22,Tuesday,8,15:10,16:00,21MAB301T,Probability and Statistics,theory,high,III-BME
2026-09-22,Tuesday,9,16:00,16:50,21BMC302J,Microcontrollers and Its Application in Medicine,theory,high,III-BME
2026-09-23,Wednesday,6,13:20,14:10,21BMC301J,Biomedical Signal Processing,theory,high,III-BME
2026-09-23,Wednesday,7,14:10,15:00,21MAB301T,Probability and Statistics,theory,high,III-BME
2026-09-23,Wednesday,8,15:10,16:00,21BMC303T,Principles of Medical Imaging,theory,high,III-BME
2026-09-23,Wednesday,9,16:00,16:50,21BME266T,Biometrics,theory,high,III-BME
2026-09-24,Thursday,4,11:40,12:30,21GNP301L,Community Connect,practical,high,III-BME
2026-09-24,Thursday,6,13:20,14:10,21MAB301T,Probability and Statistics,theory,high,III-BME
2026-09-24,Thursday,7,14:10,15:00,21BMC301J,Biomedical Signal Processing,theory,high,III-BME
2026-09-24,Thursday,8,15:10,16:00,21ECO103T,Modern wireless communication system,theory,high,III-BME
2026-09-24,Thursday,9,16:00,16:50,21BMC302J,Microcontrollers and Its Application in Medicine,theory,high,III-BME
2026-09-25,Friday,1,09:00,09:50,21GNP301L,Community Connect,practical,high,III-BME
2026-09-25,Friday,6,13:20,14:10,21BMC303T,Principles of Medical Imaging,theory,high,III-BME
2026-09-25,Friday,7,14:10,15:00,21MAB301T,Probability and Statistics,theory,high,III-BME
2026-09-25,Friday,8,15:10,16:00,21BME266T,Biometrics,theory,high,III-BME
2026-09-25,Friday,9,16:00,16:50,21ECO103T,Modern wireless communication system,theory,high,III-BME
2026-09-28,Monday,1,09:00,09:50,21PDM301L,Analytical and Logical Thinking Skills,skill,high,III-BME
2026-09-28,Monday,2,09:50,10:40,21PDM301L,Analytical and Logical Thinking Skills,skill,high,III-BME
2026-09-28,Monday,3,10:50,11:40,21BMC302J,Microcontrollers and Its Application in Medicine,lab,medium,III-BME
2026-09-28,Monday,4,11:40,12:30,21BMC302J,Microcontrollers and Its Application in Medicine,lab,medium,III-BME
2026-09-28,Monday,6,13:20,14:10,21ECO103T,Modern wireless communication system,theory,high,III-BME
2026-09-28,Monday,7,14:10,15:00,21BMC302J,Microcontrollers and Its Application in Medicine,theory,high,III-BME
2026-09-28,Monday,8,15:10,16:00,21BMC303T,Principles of Medical Imaging,theory,high,III-BME
2026-09-28,Monday,9,16:00,16:50,21LEM301T,Indian Art Form,theory,high,III-BME
2026-09-29,Tuesday,1,09:00,09:50,21BMC301J,Biomedical Signal Processing,lab,medium,III-BME
2026-09-29,Tuesday,2,09:50,10:40,21BMC301J,Biomedical Signal Processing,lab,medium,III-BME
2026-09-29,Tuesday,3,10:50,11:40,21PDM301L,Analytical and Logical Thinking Skills,skill,high,III-BME
2026-09-29,Tuesday,6,13:20,14:10,21BMC301J,Biomedical Signal Processing,theory,high,III-BME
2026-09-29,Tuesday,7,14:10,15:00,21BME266T,Biometrics,theory,high,III-BME
2026-09-29,Tuesday,8,15:10,16:00,21MAB301T,Probability and Statistics,theory,high,III-BME
2026-09-29,Tuesday,9,16:00,16:50,21BMC302J,Microcontrollers and Its Application in Medicine,theory,high,III-BME
2026-09-30,Wednesday,6,13:20,14:10,21BMC301J,Biomedical Signal Processing,theory,high,III-BME
2026-09-30,Wednesday,7,14:10,15:00,21MAB301T,Probability and Statistics,theory,high,III-BME
2026-09-30,Wednesday,8,15:10,16:00,21BMC303T,Principles of Medical Imaging,theory,high,III-BME
2026-09-30,Wednesday,9,16:00,16:50,21BME266T,Biometrics,theory,high,III-BME
2026-10-01,Thursday,4,11:40,12:30,21GNP301L,Community Connect,practical,high,III-BME
2026-10-01,Thursday,6,13:20,14:10,21MAB301T,Probability and Statistics,theory,high,III-BME
2026-10-01,Thursday,7,14:10,15:00,21BMC301J,Biomedical Signal Processing,theory,high,III-BME
2026-10-01,Thursday,8,15:10,16:00,21ECO103T,Modern wireless communication system,theory,high,III-BME
2026-10-01,Thursday,9,16:00,16:50,21BMC302J,Microcontrollers and Its Application in Medicine,theory,high,III-BME
2026-10-02,Friday,1,09:00,09:50,21GNP301L,Community Connect,practical,high,III-BME
2026-10-02,Friday,6,13:20,14:10,21BMC303T,Principles of Medical Imaging,theory,high,III-BME
2026-10-02,Friday,7,14:10,15:00,21MAB301T,Probability and Statistics,theory,high,III-BME
2026-10-02,Friday,8,15:10,16:00,21BME266T,Biometrics,theory,high,III-BME
2026-10-02,Friday,9,16:00,16:50,21ECO103T,Modern wireless communication system,theory,high,III-BME
2026-10-05,Monday,1,09:00,09:50,21PDM301L,Analytical and Logical Thinking Skills,skill,high,III-BME
2026-10-05,Monday,2,09:50,10:40,21PDM301L,Analytical and Logical Thinking Skills,skill,high,III-BME
2026-10-05,Monday,3,10:50,11:40,21BMC302J,Microcontrollers and Its Application in Medicine,lab,medium,III-BME
2026-10-05,Monday,4,11:40,12:30,21BMC302J,Microcontrollers and Its Application in Medicine,lab,medium,III-BME
2026-10-05,Monday,6,13:20,14:10,21ECO103T,Modern wireless communication system,theory,high,III-BME
2026-10-05,Monday,7,14:10,15:00,21BMC302J,Microcontrollers and Its Application in Medicine,theory,high,III-BME
2026-10-05,Monday,8,15:10,16:00,21BMC303T,Principles of Medical Imaging,theory,high,III-BME
2026-10-05,Monday,9,16:00,16:50,21LEM301T,Indian Art Form,theory,high,III-BME
2026-10-06,Tuesday,1,09:00,09:50,21BMC301J,Biomedical Signal Processing,lab,medium,III-BME
2026-10-06,Tuesday,2,09:50,10:40,21BMC301J,Biomedical Signal Processing,lab,medium,III-BME
2026-10-06,Tuesday,3,10:50,11:40,21PDM301L,Analytical and Logical Thinking Skills,skill,high,III-BME
2026-10-06,Tuesday,6,13:20,14:10,21BMC301J,Biomedical Signal Processing,theory,high,III-BME
2026-10-06,Tuesday,7,14:10,15:00,21BME266T,Biometrics,theory,high,III-BME
2026-10-06,Tuesday,8,15:10,16:00,21MAB301T,Probability and Statistics,theory,high,III-BME
2026-10-06,Tuesday,9,16:00,16:50,21BMC302J,Microcontrollers and Its Application in Medicine,theory,high,III-BME
2026-10-07,Wednesday,6,13:20,14:10,21BMC301J,Biomedical Signal Processing,theory,high,III-BME
2026-10-07,Wednesday,7,14:10,15:00,21MAB301T,Probability and Statistics,theory,high,III-BME
2026-10-07,Wednesday,8,15:10,16:00,21BMC303T,Principles of Medical Imaging,theory,high,III-BME
2026-10-07,Wednesday,9,16:00,16:50,21BME266T,Biometrics,theory,high,III-BME
2026-10-08,Thursday,4,11:40,12:30,21GNP301L,Community Connect,practical,high,III-BME
2026-10-08,Thursday,6,13:20,14:10,21MAB301T,Probability and Statistics,theory,high,III-BME
2026-10-08,Thursday,7,14:10,15:00,21BMC301J,Biomedical Signal Processing,theory,high,III-BME
2026-10-08,Thursday,8,15:10,16:00,21ECO103T,Modern wireless communication system,theory,high,III-BME
2026-10-08,Thursday,9,16:00,16:50,21BMC302J,Microcontrollers and Its Application in Medicine,theory,high,III-BME
2026-10-09,Friday,1,09:00,09:50,21GNP301L,Community Connect,practical,high,III-BME
2026-10-09,Friday,6,13:20,14:10,21BMC303T,Principles of Medical Imaging,theory,high,III-BME
2026-10-09,Friday,7,14:10,15:00,21MAB301T,Probability and Statistics,theory,high,III-BME
2026-10-09,Friday,8,15:10,16:00,21BME266T,Biometrics,theory,high,III-BME
2026-10-09,Friday,9,16:00,16:50,21ECO103T,Modern wireless communication system,theory,high,III-BME
2026-10-12,Monday,1,09:00,09:50,21PDM301L,Analytical and Logical Thinking Skills,skill,high,III-BME
2026-10-12,Monday,2,09:50,10:40,21PDM301L,Analytical and Logical Thinking Skills,skill,high,III-BME
2026-10-12,Monday,3,10:50,11:40,21BMC302J,Microcontrollers and Its Application in Medicine,lab,medium,III-BME
2026-10-12,Monday,4,11:40,12:30,21BMC302J,Microcontrollers and Its Application in Medicine,lab,medium,III-BME
2026-10-12,Monday,6,13:20,14:10,21ECO103T,Modern wireless communication system,theory,high,III-BME
2026-10-12,Monday,7,14:10,15:00,21BMC302J,Microcontrollers and Its Application in Medicine,theory,high,III-BME
2026-10-12,Monday,8,15:10,16:00,21BMC303T,Principles of Medical Imaging,theory,high,III-BME
2026-10-12,Monday,9,16:00,16:50,21LEM301T,Indian Art Form,theory,high,III-BME
2026-10-13,Tuesday,1,09:00,09:50,21BMC301J,Biomedical Signal Processing,lab,medium,III-BME
2026-10-13,Tuesday,2,09:50,10:40,21BMC301J,Biomedical Signal Processing,lab,medium,III-BME
2026-10-13,Tuesday,3,10:50,11:40,21PDM301L,Analytical and Logical Thinking Skills,skill,high,III-BME
2026-10-13,Tuesday,6,13:20,14:10,21BMC301J,Biomedical Signal Processing,theory,high,III-BME
2026-10-13,Tuesday,7,14:10,15:00,21BME266T,Biometrics,theory,high,III-BME
2026-10-13,Tuesday,8,15:10,16:00,21MAB301T,Probability and Statistics,theory,high,III-BME
2026-10-13,Tuesday,9,16:00,16:50,21BMC302J,Microcontrollers and Its Application in Medicine,theory,high,III-BME
2026-10-14,Wednesday,6,13:20,14:10,21BMC301J,Biomedical Signal Processing,theory,high,III-BME
2026-10-14,Wednesday,7,14:10,15:00,21MAB301T,Probability and Statistics,theory,high,III-BME
2026-10-14,Wednesday,8,15:10,16:00,21BMC303T,Principles of Medical Imaging,theory,high,III-BME
2026-10-14,Wednesday,9,16:00,16:50,21BME266T,Biometrics,theory,high,III-BME
2026-10-15,Thursday,4,11:40,12:30,21GNP301L,Community Connect,practical,high,III-BME
2026-10-15,Thursday,6,13:20,14:10,21MAB301T,Probability and Statistics,theory,high,III-BME
2026-10-15,Thursday,7,14:10,15:00,21BMC301J,Biomedical Signal Processing,theory,high,III-BME
2026-10-15,Thursday,8,15:10,16:00,21ECO103T,Modern wireless communication system,theory,high,III-BME
2026-10-15,Thursday,9,16:00,16:50,21BMC302J,Microcontrollers and Its Application in Medicine,theory,high,III-BME
2026-10-16,Friday,1,09:00,09:50,21GNP301L,Community Connect,practical,high,III-BME
2026-10-16,Friday,6,13:20,14:10,21BMC303T,Principles of Medical Imaging,theory,high,III-BME
2026-10-16,Friday,7,14:10,15:00,21MAB301T,Probability and Statistics,theory,high,III-BME
2026-10-16,Friday,8,15:10,16:00,21BME266T,Biometrics,theory,high,III-BME
2026-10-16,Friday,9,16:00,16:50,21ECO103T,Modern wireless communication system,theory,high,III-BME
2026-10-19,Monday,1,09:00,09:50,21PDM301L,Analytical and Logical Thinking Skills,skill,high,III-BME
2026-10-19,Monday,2,09:50,10:40,21PDM301L,Analytical and Logical Thinking Skills,skill,high,III-BME
2026-10-19,Monday,3,10:50,11:40,21BMC302J,Microcontrollers and Its Application in Medicine,lab,medium,III-BME
2026-10-19,Monday,4,11:40,12:30,21BMC302J,Microcontrollers and Its Application in Medicine,lab,medium,III-BME
2026-10-19,Monday,6,13:20,14:10,21ECO103T,Modern wireless communication system,theory,high,III-BME
2026-10-19,Monday,7,14:10,15:00,21BMC302J,Microcontrollers and Its Application in Medicine,theory,high,III-BME
2026-10-19,Monday,8,15:10,16:00,21BMC303T,Principles of Medical Imaging,theory,high,III-BME
2026-10-19,Monday,9,16:00,16:50,21LEM301T,Indian Art Form,theory,high,III-BME
2026-10-20,Tuesday,1,09:00,09:50,21BMC301J,Biomedical Signal Processing,lab,medium,III-BME
2026-10-20,Tuesday,2,09:50,10:40,21BMC301J,Biomedical Signal Processing,lab,medium,III-BME
2026-10-20,Tuesday,3,10:50,11:40,21PDM301L,Analytical and Logical Thinking Skills,skill,high,III-BME
2026-10-20,Tuesday,6,13:20,14:10,21BMC301J,Biomedical Signal Processing,theory,high,III-BME
2026-10-20,Tuesday,7,14:10,15:00,21BME266T,Biometrics,theory,high,III-BME
2026-10-20,Tuesday,8,15:10,16:00,21MAB301T,Probability and Statistics,theory,high,III-BME
2026-10-20,Tuesday,9,16:00,16:50,21BMC302J,Microcontrollers and Its Application in Medicine,theory,high,III-BME
2026-10-21,Wednesday,6,13:20,14:10,21BMC301J,Biomedical Signal Processing,theory,high,III-BME
2026-10-21,Wednesday,7,14:10,15:00,21MAB301T,Probability and Statistics,theory,high,III-BME
2026-10-21,Wednesday,8,15:10,16:00,21BMC303T,Principles of Medical Imaging,theory,high,III-BME
2026-10-21,Wednesday,9,16:00,16:50,21BME266T,Biometrics,theory,high,III-BME
2026-10-22,Thursday,4,11:40,12:30,21GNP301L,Community Connect,practical,high,III-BME
2026-10-22,Thursday,6,13:20,14:10,21MAB301T,Probability and Statistics,theory,high,III-BME
2026-10-22,Thursday,7,14:10,15:00,21BMC301J,Biomedical Signal Processing,theory,high,III-BME
2026-10-22,Thursday,8,15:10,16:00,21ECO103T,Modern wireless communication system,theory,high,III-BME
2026-10-22,Thursday,9,16:00,16:50,21BMC302J,Microcontrollers and Its Application in Medicine,theory,high,III-BME
2026-10-23,Friday,1,09:00,09:50,21GNP301L,Community Connect,practical,high,III-BME
2026-10-23,Friday,6,13:20,14:10,21BMC303T,Principles of Medical Imaging,theory,high,III-BME
2026-10-23,Friday,7,14:10,15:00,21MAB301T,Probability and Statistics,theory,high,III-BME
2026-10-23,Friday,8,15:10,16:00,21BME266T,Biometrics,theory,high,III-BME
2026-10-23,Friday,9,16:00,16:50,21ECO103T,Modern wireless communication system,theory,high,III-BME
2026-10-26,Monday,1,09:00,09:50,21PDM301L,Analytical and Logical Thinking Skills,skill,high,III-BME
2026-10-26,Monday,2,09:50,10:40,21PDM301L,Analytical and Logical Thinking Skills,skill,high,III-BME
2026-10-26,Monday,3,10:50,11:40,21BMC302J,Microcontrollers and Its Application in Medicine,lab,medium,III-BME
2026-10-26,Monday,4,11:40,12:30,21BMC302J,Microcontrollers and Its Application in Medicine,lab,medium,III-BME
2026-10-26,Monday,6,13:20,14:10,21ECO103T,Modern wireless communication system,theory,high,III-BME
2026-10-26,Monday,7,14:10,15:00,21BMC302J,Microcontrollers and Its Application in Medicine,theory,high,III-BME
2026-10-26,Monday,8,15:10,16:00,21BMC303T,Principles of Medical Imaging,theory,high,III-BME
2026-10-26,Monday,9,16:00,16:50,21LEM301T,Indian Art Form,theory,high,III-BME
2026-10-27,Tuesday,1,09:00,09:50,21BMC301J,Biomedical Signal Processing,lab,medium,III-BME
2026-10-27,Tuesday,2,09:50,10:40,21BMC301J,Biomedical Signal Processing,lab,medium,III-BME
2026-10-27,Tuesday,3,10:50,11:40,21PDM301L,Analytical and Logical Thinking Skills,skill,high,III-BME
2026-10-27,Tuesday,6,13:20,14:10,21BMC301J,Biomedical Signal Processing,theory,high,III-BME
2026-10-27,Tuesday,7,14:10,15:00,21BME266T,Biometrics,theory,high,III-BME
2026-10-27,Tuesday,8,15:10,16:00,21MAB301T,Probability and Statistics,theory,high,III-BME
2026-10-27,Tuesday,9,16:00,16:50,21BMC302J,Microcontrollers and Its Application in Medicine,theory,high,III-BME
2026-10-28,Wednesday,6,13:20,14:10,21BMC301J,Biomedical Signal Processing,theory,high,III-BME
2026-10-28,Wednesday,7,14:10,15:00,21MAB301T,Probability and Statistics,theory,high,III-BME
2026-10-28,Wednesday,8,15:10,16:00,21BMC303T,Principles of Medical Imaging,theory,high,III-BME
2026-10-28,Wednesday,9,16:00,16:50,21BME266T,Biometrics,theory,high,III-BME
2026-10-29,Thursday,4,11:40,12:30,21GNP301L,Community Connect,practical,high,III-BME
2026-10-29,Thursday,6,13:20,14:10,21MAB301T,Probability and Statistics,theory,high,III-BME
2026-10-29,Thursday,7,14:10,15:00,21BMC301J,Biomedical Signal Processing,theory,high,III-BME
2026-10-29,Thursday,8,15:10,16:00,21ECO103T,Modern wireless communication system,theory,high,III-BME
2026-10-29,Thursday,9,16:00,16:50,21BMC302J,Microcontrollers and Its Application in Medicine,theory,high,III-BME
2026-10-30,Friday,1,09:00,09:50,21GNP301L,Community Connect,practical,high,III-BME
2026-10-30,Friday,6,13:20,14:10,21BMC303T,Principles of Medical Imaging,theory,high,III-BME
2026-10-30,Friday,7,14:10,15:00,21MAB301T,Probability and Statistics,theory,high,III-BME
2026-10-30,Friday,8,15:10,16:00,21BME266T,Biometrics,theory,high,III-BME
2026-10-30,Friday,9,16:00,16:50,21ECO103T,Modern wireless communication system,theory,high,III-BME
2026-11-02,Monday,1,09:00,09:50,21PDM301L,Analytical and Logical Thinking Skills,skill,high,III-BME
2026-11-02,Monday,2,09:50,10:40,21PDM301L,Analytical and Logical Thinking Skills,skill,high,III-BME
2026-11-02,Monday,3,10:50,11:40,21BMC302J,Microcontrollers and Its Application in Medicine,lab,medium,III-BME
2026-11-02,Monday,4,11:40,12:30,21BMC302J,Microcontrollers and Its Application in Medicine,lab,medium,III-BME
2026-11-02,Monday,6,13:20,14:10,21ECO103T,Modern wireless communication system,theory,high,III-BME
2026-11-02,Monday,7,14:10,15:00,21BMC302J,Microcontrollers and Its Application in Medicine,theory,high,III-BME
2026-11-02,Monday,8,15:10,16:00,21BMC303T,Principles of Medical Imaging,theory,high,III-BME
2026-11-02,Monday,9,16:00,16:50,21LEM301T,Indian Art Form,theory,high,III-BME
2026-11-03,Tuesday,1,09:00,09:50,21BMC301J,Biomedical Signal Processing,lab,medium,III-BME
2026-11-03,Tuesday,2,09:50,10:40,21BMC301J,Biomedical Signal Processing,lab,medium,III-BME
2026-11-03,Tuesday,3,10:50,11:40,21PDM301L,Analytical and Logical Thinking Skills,skill,high,III-BME
2026-11-03,Tuesday,6,13:20,14:10,21BMC301J,Biomedical Signal Processing,theory,high,III-BME
2026-11-03,Tuesday,7,14:10,15:00,21BME266T,Biometrics,theory,high,III-BME
2026-11-03,Tuesday,8,15:10,16:00,21MAB301T,Probability and Statistics,theory,high,III-BME
2026-11-03,Tuesday,9,16:00,16:50,21BMC302J,Microcontrollers and Its Application in Medicine,theory,high,III-BME
2026-11-04,Wednesday,6,13:20,14:10,21BMC301J,Biomedical Signal Processing,theory,high,III-BME
2026-11-04,Wednesday,7,14:10,15:00,21MAB301T,Probability and Statistics,theory,high,III-BME
2026-11-04,Wednesday,8,15:10,16:00,21BMC303T,Principles of Medical Imaging,theory,high,III-BME
2026-11-04,Wednesday,9,16:00,16:50,21BME266T,Biometrics,theory,high,III-BME
2026-11-05,Thursday,4,11:40,12:30,21GNP301L,Community Connect,practical,high,III-BME
2026-11-05,Thursday,6,13:20,14:10,21MAB301T,Probability and Statistics,theory,high,III-BME
2026-11-05,Thursday,7,14:10,15:00,21BMC301J,Biomedical Signal Processing,theory,high,III-BME
2026-11-05,Thursday,8,15:10,16:00,21ECO103T,Modern wireless communication system,theory,high,III-BME
2026-11-05,Thursday,9,16:00,16:50,21BMC302J,Microcontrollers and Its Application in Medicine,theory,high,III-BME
2026-11-06,Friday,1,09:00,09:50,21GNP301L,Community Connect,practical,high,III-BME
2026-11-06,Friday,6,13:20,14:10,21BMC303T,Principles of Medical Imaging,theory,high,III-BME
2026-11-06,Friday,7,14:10,15:00,21MAB301T,Probability and Statistics,theory,high,III-BME
2026-11-06,Friday,8,15:10,16:00,21BME266T,Biometrics,theory,high,III-BME
2026-11-06,Friday,9,16:00,16:50,21ECO103T,Modern wireless communication system,theory,high,III-BME
2026-11-09,Monday,1,09:00,09:50,21PDM301L,Analytical and Logical Thinking Skills,skill,high,III-BME
2026-11-09,Monday,2,09:50,10:40,21PDM301L,Analytical and Logical Thinking Skills,skill,high,III-BME
2026-11-09,Monday,3,10:50,11:40,21BMC302J,Microcontrollers and Its Application in Medicine,lab,medium,III-BME
2026-11-09,Monday,4,11:40,12:30,21BMC302J,Microcontrollers and Its Application in Medicine,lab,medium,III-BME
2026-11-09,Monday,6,13:20,14:10,21ECO103T,Modern wireless communication system,theory,high,III-BME
2026-11-09,Monday,7,14:10,15:00,21BMC302J,Microcontrollers and Its Application in Medicine,theory,high,III-BME
2026-11-09,Monday,8,15:10,16:00,21BMC303T,Principles of Medical Imaging,theory,high,III-BME
2026-11-09,Monday,9,16:00,16:50,21LEM301T,Indian Art Form,theory,high,III-BME
2026-11-10,Tuesday,1,09:00,09:50,21BMC301J,Biomedical Signal Processing,lab,medium,III-BME
2026-11-10,Tuesday,2,09:50,10:40,21BMC301J,Biomedical Signal Processing,lab,medium,III-BME
2026-11-10,Tuesday,3,10:50,11:40,21PDM301L,Analytical and Logical Thinking Skills,skill,high,III-BME
2026-11-10,Tuesday,6,13:20,14:10,21BMC301J,Biomedical Signal Processing,theory,high,III-BME
2026-11-10,Tuesday,7,14:10,15:00,21BME266T,Biometrics,theory,high,III-BME
2026-11-10,Tuesday,8,15:10,16:00,21MAB301T,Probability and Statistics,theory,high,III-BME
2026-11-10,Tuesday,9,16:00,16:50,21BMC302J,Microcontrollers and Its Application in Medicine,theory,high,III-BME
2026-11-11,Wednesday,6,13:20,14:10,21BMC301J,Biomedical Signal Processing,theory,high,III-BME
2026-11-11,Wednesday,7,14:10,15:00,21MAB301T,Probability and Statistics,theory,high,III-BME
2026-11-11,Wednesday,8,15:10,16:00,21BMC303T,Principles of Medical Imaging,theory,high,III-BME
2026-11-11,Wednesday,9,16:00,16:50,21BME266T,Biometrics,theory,high,III-BME
2026-11-12,Thursday,4,11:40,12:30,21GNP301L,Community Connect,practical,high,III-BME
2026-11-12,Thursday,6,13:20,14:10,21MAB301T,Probability and Statistics,theory,high,III-BME
2026-11-12,Thursday,7,14:10,15:00,21BMC301J,Biomedical Signal Processing,theory,high,III-BME
2026-11-12,Thursday,8,15:10,16:00,21ECO103T,Modern wireless communication system,theory,high,III-BME
2026-11-12,Thursday,9,16:00,16:50,21BMC302J,Microcontrollers and Its Application in Medicine,theory,high,III-BME
2026-11-13,Friday,1,09:00,09:50,21GNP301L,Community Connect,practical,high,III-BME
2026-11-13,Friday,6,13:20,14:10,21BMC303T,Principles of Medical Imaging,theory,high,III-BME
2026-11-13,Friday,7,14:10,15:00,21MAB301T,Probability and Statistics,theory,high,III-BME
2026-11-13,Friday,8,15:10,16:00,21BME266T,Biometrics,theory,high,III-BME
2026-11-13,Friday,9,16:00,16:50,21ECO103T,Modern wireless communication system,theory,high,III-BME
2026-11-16,Monday,1,09:00,09:50,21PDM301L,Analytical and Logical Thinking Skills,skill,high,III-BME
2026-11-16,Monday,2,09:50,10:40,21PDM301L,Analytical and Logical Thinking Skills,skill,high,III-BME
2026-11-16,Monday,3,10:50,11:40,21BMC302J,Microcontrollers and Its Application in Medicine,lab,medium,III-BME
2026-11-16,Monday,4,11:40,12:30,21BMC302J,Microcontrollers and Its Application in Medicine,lab,medium,III-BME
2026-11-16,Monday,6,13:20,14:10,21ECO103T,Modern wireless communication system,theory,high,III-BME
2026-11-16,Monday,7,14:10,15:00,21BMC302J,Microcontrollers and Its Application in Medicine,theory,high,III-BME
2026-11-16,Monday,8,15:10,16:00,21BMC303T,Principles of Medical Imaging,theory,high,III-BME
2026-11-16,Monday,9,16:00,16:50,21LEM301T,Indian Art Form,theory,high,III-BME
2026-11-17,Tuesday,1,09:00,09:50,21BMC301J,Biomedical Signal Processing,lab,medium,III-BME
2026-11-17,Tuesday,2,09:50,10:40,21BMC301J,Biomedical Signal Processing,lab,medium,III-BME
2026-11-17,Tuesday,3,10:50,11:40,21PDM301L,Analytical and Logical Thinking Skills,skill,high,III-BME
2026-11-17,Tuesday,6,13:20,14:10,21BMC301J,Biomedical Signal Processing,theory,high,III-BME
2026-11-17,Tuesday,7,14:10,15:00,21BME266T,Biometrics,theory,high,III-BME
2026-11-17,Tuesday,8,15:10,16:00,21MAB301T,Probability and Statistics,theory,high,III-BME
2026-11-17,Tuesday,9,16:00,16:50,21BMC302J,Microcontrollers and Its Application in Medicine,theory,high,III-BME
2026-11-18,Wednesday,6,13:20,14:10,21BMC301J,Biomedical Signal Processing,theory,high,III-BME
2026-11-18,Wednesday,7,14:10,15:00,21MAB301T,Probability and Statistics,theory,high,III-BME
2026-11-18,Wednesday,8,15:10,16:00,21BMC303T,Principles of Medical Imaging,theory,high,III-BME
2026-11-18,Wednesday,9,16:00,16:50,21BME266T,Biometrics,theory,high,III-BME
2026-11-19,Thursday,4,11:40,12:30,21GNP301L,Community Connect,practical,high,III-BME
2026-11-19,Thursday,6,13:20,14:10,21MAB301T,Probability and Statistics,theory,high,III-BME
2026-11-19,Thursday,7,14:10,15:00,21BMC301J,Biomedical Signal Processing,theory,high,III-BME
2026-11-19,Thursday,8,15:10,16:00,21ECO103T,Modern wireless communication system,theory,high,III-BME
2026-11-19,Thursday,9,16:00,16:50,21BMC302J,Microcontrollers and Its Application in Medicine,theory,high,III-BME
2026-11-20,Friday,1,09:00,09:50,21GNP301L,Community Connect,practical,high,III-BME
2026-11-20,Friday,6,13:20,14:10,21BMC303T,Principles of Medical Imaging,theory,high,III-BME
2026-11-20,Friday,7,14:10,15:00,21MAB301T,Probability and Statistics,theory,high,III-BME
2026-11-20,Friday,8,15:10,16:00,21BME266T,Biometrics,theory,high,III-BME
2026-11-20,Friday,9,16:00,16:50,21ECO103T,Modern wireless communication system,theory,high,III-BME
2026-11-23,Monday,1,09:00,09:50,21PDM301L,Analytical and Logical Thinking Skills,skill,high,III-BME
2026-11-23,Monday,2,09:50,10:40,21PDM301L,Analytical and Logical Thinking Skills,skill,high,III-BME
2026-11-23,Monday,3,10:50,11:40,21BMC302J,Microcontrollers and Its Application in Medicine,lab,medium,III-BME
2026-11-23,Monday,4,11:40,12:30,21BMC302J,Microcontrollers and Its Application in Medicine,lab,medium,III-BME
2026-11-23,Monday,6,13:20,14:10,21ECO103T,Modern wireless communication system,theory,high,III-BME
2026-11-23,Monday,7,14:10,15:00,21BMC302J,Microcontrollers and Its Application in Medicine,theory,high,III-BME
2026-11-23,Monday,8,15:10,16:00,21BMC303T,Principles of Medical Imaging,theory,high,III-BME
2026-11-23,Monday,9,16:00,16:50,21LEM301T,Indian Art Form,theory,high,III-BME
2026-11-24,Tuesday,1,09:00,09:50,21BMC301J,Biomedical Signal Processing,lab,medium,III-BME
2026-11-24,Tuesday,2,09:50,10:40,21BMC301J,Biomedical Signal Processing,lab,medium,III-BME
2026-11-24,Tuesday,3,10:50,11:40,21PDM301L,Analytical and Logical Thinking Skills,skill,high,III-BME
2026-11-24,Tuesday,6,13:20,14:10,21BMC301J,Biomedical Signal Processing,theory,high,III-BME
2026-11-24,Tuesday,7,14:10,15:00,21BME266T,Biometrics,theory,high,III-BME
2026-11-24,Tuesday,8,15:10,16:00,21MAB301T,Probability and Statistics,theory,high,III-BME
2026-11-24,Tuesday,9,16:00,16:50,21BMC302J,Microcontrollers and Its Application in Medicine,theory,high,III-BME
2026-11-25,Wednesday,6,13:20,14:10,21BMC301J,Biomedical Signal Processing,theory,high,III-BME
2026-11-25,Wednesday,7,14:10,15:00,21MAB301T,Probability and Statistics,theory,high,III-BME
2026-11-25,Wednesday,8,15:10,16:00,21BMC303T,Principles of Medical Imaging,theory,high,III-BME
2026-11-25,Wednesday,9,16:00,16:50,21BME266T,Biometrics,theory,high,III-BME
2026-11-26,Thursday,4,11:40,12:30,21GNP301L,Community Connect,practical,high,III-BME
2026-11-26,Thursday,6,13:20,14:10,21MAB301T,Probability and Statistics,theory,high,III-BME
2026-11-26,Thursday,7,14:10,15:00,21BMC301J,Biomedical Signal Processing,theory,high,III-BME
2026-11-26,Thursday,8,15:10,16:00,21ECO103T,Modern wireless communication system,theory,high,III-BME
2026-11-26,Thursday,9,16:00,16:50,21BMC302J,Microcontrollers and Its Application in Medicine,theory,high,III-BME
2026-11-27,Friday,1,09:00,09:50,21GNP301L,Community Connect,practical,high,III-BME
2026-11-27,Friday,6,13:20,14:10,21BMC303T,Principles of Medical Imaging,theory,high,III-BME
2026-11-27,Friday,7,14:10,15:00,21MAB301T,Probability and Statistics,theory,high,III-BME
2026-11-27,Friday,8,15:10,16:00,21BME266T,Biometrics,theory,high,III-BME
2026-11-27,Friday,9,16:00,16:50,21ECO103T,Modern wireless communication system,theory,high,III-BME
2026-08-31,Monday,1,09:00,09:50,21CSO355T,Machine learning for all,theory,high,III-ECE-A
2026-08-31,Monday,2,09:50,10:40,21ECC301P,"Microprocessor, Microcontroller, and Interfacing Techniques",theory,high,III-ECE-A
2026-08-31,Monday,3,10:50,11:40,21ECC301P,"Microprocessor, Microcontroller, and Interfacing Techniques",theory,high,III-ECE-A
2026-08-31,Monday,4,11:40,12:30,21MAB302T,Discrete Mathematics,theory,high,III-ECE-A
2026-08-31,Monday,6,13:20,14:10,21PDM301L,Analytical and logical thinking skills,skill,high,III-ECE-A
2026-08-31,Monday,7,14:10,15:00,21PDM301L,Analytical and logical thinking skills,skill,high,III-ECE-A
2026-09-01,Tuesday,1,09:00,09:50,21LEM301T,Indian Art Form,theory,high,III-ECE-A
2026-09-01,Tuesday,2,09:50,10:40,21ECE468T,System and Network on Chip,theory,high,III-ECE-A
2026-09-01,Tuesday,3,10:50,11:40,21ECC301P,"Microprocessor, Microcontroller, and Interfacing Techniques",theory,high,III-ECE-A
2026-09-01,Tuesday,4,11:40,12:30,21ECC301P,"Microprocessor, Microcontroller, and Interfacing Techniques",project,medium,III-ECE-A
2026-09-01,Tuesday,7,14:10,15:00,21PDM301L,Analytical and logical thinking skills,skill,high,III-ECE-A
2026-09-02,Wednesday,1,09:00,09:50,21ECC303T,VLSI Design and Technology,theory,high,III-ECE-A
2026-09-02,Wednesday,2,09:50,10:40,21MAB302T,Discrete Mathematics,theory,high,III-ECE-A
2026-09-02,Wednesday,3,10:50,11:40,21ECE468T,System and Network on Chip,theory,high,III-ECE-A
2026-09-02,Wednesday,4,11:40,12:30,21GNP301L,Community connect,practical,high,III-ECE-A
2026-09-02,Wednesday,8,15:10,16:00,21ECC311L,VLSI Design/ Microprocessor Laboratory,lab,high,III-ECE-A
2026-09-02,Wednesday,9,16:00,16:50,21ECC311L,VLSI Design/ Microprocessor Laboratory,lab,high,III-ECE-A
2026-09-03,Thursday,1,09:00,09:50,21MAB302T,Discrete Mathematics,theory,high,III-ECE-A
2026-09-03,Thursday,2,09:50,10:40,21CSO355T,Machine learning for all,theory,high,III-ECE-A
2026-09-03,Thursday,3,10:50,11:40,21ECC303T,VLSI Design and Technology,theory,high,III-ECE-A
2026-09-03,Thursday,4,11:40,12:30,21GNP301L,Community connect,practical,high,III-ECE-A
2026-09-04,Friday,1,09:00,09:50,21ECE468T,System and Network on Chip,theory,high,III-ECE-A
2026-09-04,Friday,2,09:50,10:40,21MAB302T,Discrete Mathematics,theory,high,III-ECE-A
2026-09-04,Friday,3,10:50,11:40,21CSO355T,Machine learning for all,theory,high,III-ECE-A
2026-09-04,Friday,4,11:40,12:30,21ECC303T,VLSI Design and Technology,theory,high,III-ECE-A
2026-09-04,Friday,6,13:20,14:10,21ECC311L,VLSI Design/ Microprocessor Laboratory,lab,high,III-ECE-A
2026-09-04,Friday,7,14:10,15:00,21ECC311L,VLSI Design/ Microprocessor Laboratory,lab,high,III-ECE-A
2026-09-07,Monday,1,09:00,09:50,21CSO355T,Machine learning for all,theory,high,III-ECE-A
2026-09-07,Monday,2,09:50,10:40,21ECC301P,"Microprocessor, Microcontroller, and Interfacing Techniques",theory,high,III-ECE-A
2026-09-07,Monday,3,10:50,11:40,21ECC301P,"Microprocessor, Microcontroller, and Interfacing Techniques",theory,high,III-ECE-A
2026-09-07,Monday,4,11:40,12:30,21MAB302T,Discrete Mathematics,theory,high,III-ECE-A
2026-09-07,Monday,6,13:20,14:10,21PDM301L,Analytical and logical thinking skills,skill,high,III-ECE-A
2026-09-07,Monday,7,14:10,15:00,21PDM301L,Analytical and logical thinking skills,skill,high,III-ECE-A
2026-09-08,Tuesday,1,09:00,09:50,21LEM301T,Indian Art Form,theory,high,III-ECE-A
2026-09-08,Tuesday,2,09:50,10:40,21ECE468T,System and Network on Chip,theory,high,III-ECE-A
2026-09-08,Tuesday,3,10:50,11:40,21ECC301P,"Microprocessor, Microcontroller, and Interfacing Techniques",theory,high,III-ECE-A
2026-09-08,Tuesday,4,11:40,12:30,21ECC301P,"Microprocessor, Microcontroller, and Interfacing Techniques",project,medium,III-ECE-A
2026-09-08,Tuesday,7,14:10,15:00,21PDM301L,Analytical and logical thinking skills,skill,high,III-ECE-A
2026-09-09,Wednesday,1,09:00,09:50,21ECC303T,VLSI Design and Technology,theory,high,III-ECE-A
2026-09-09,Wednesday,2,09:50,10:40,21MAB302T,Discrete Mathematics,theory,high,III-ECE-A
2026-09-09,Wednesday,3,10:50,11:40,21ECE468T,System and Network on Chip,theory,high,III-ECE-A
2026-09-09,Wednesday,4,11:40,12:30,21GNP301L,Community connect,practical,high,III-ECE-A
2026-09-09,Wednesday,8,15:10,16:00,21ECC311L,VLSI Design/ Microprocessor Laboratory,lab,high,III-ECE-A
2026-09-09,Wednesday,9,16:00,16:50,21ECC311L,VLSI Design/ Microprocessor Laboratory,lab,high,III-ECE-A
2026-09-10,Thursday,1,09:00,09:50,21MAB302T,Discrete Mathematics,theory,high,III-ECE-A
2026-09-10,Thursday,2,09:50,10:40,21CSO355T,Machine learning for all,theory,high,III-ECE-A
2026-09-10,Thursday,3,10:50,11:40,21ECC303T,VLSI Design and Technology,theory,high,III-ECE-A
2026-09-10,Thursday,4,11:40,12:30,21GNP301L,Community connect,practical,high,III-ECE-A
2026-09-11,Friday,1,09:00,09:50,21ECE468T,System and Network on Chip,theory,high,III-ECE-A
2026-09-11,Friday,2,09:50,10:40,21MAB302T,Discrete Mathematics,theory,high,III-ECE-A
2026-09-11,Friday,3,10:50,11:40,21CSO355T,Machine learning for all,theory,high,III-ECE-A
2026-09-11,Friday,4,11:40,12:30,21ECC303T,VLSI Design and Technology,theory,high,III-ECE-A
2026-09-11,Friday,6,13:20,14:10,21ECC311L,VLSI Design/ Microprocessor Laboratory,lab,high,III-ECE-A
2026-09-11,Friday,7,14:10,15:00,21ECC311L,VLSI Design/ Microprocessor Laboratory,lab,high,III-ECE-A
2026-09-14,Monday,1,09:00,09:50,21CSO355T,Machine learning for all,theory,high,III-ECE-A
2026-09-14,Monday,2,09:50,10:40,21ECC301P,"Microprocessor, Microcontroller, and Interfacing Techniques",theory,high,III-ECE-A
2026-09-14,Monday,3,10:50,11:40,21ECC301P,"Microprocessor, Microcontroller, and Interfacing Techniques",theory,high,III-ECE-A
2026-09-14,Monday,4,11:40,12:30,21MAB302T,Discrete Mathematics,theory,high,III-ECE-A
2026-09-14,Monday,6,13:20,14:10,21PDM301L,Analytical and logical thinking skills,skill,high,III-ECE-A
2026-09-14,Monday,7,14:10,15:00,21PDM301L,Analytical and logical thinking skills,skill,high,III-ECE-A
2026-09-15,Tuesday,1,09:00,09:50,21LEM301T,Indian Art Form,theory,high,III-ECE-A
2026-09-15,Tuesday,2,09:50,10:40,21ECE468T,System and Network on Chip,theory,high,III-ECE-A
2026-09-15,Tuesday,3,10:50,11:40,21ECC301P,"Microprocessor, Microcontroller, and Interfacing Techniques",theory,high,III-ECE-A
2026-09-15,Tuesday,4,11:40,12:30,21ECC301P,"Microprocessor, Microcontroller, and Interfacing Techniques",project,medium,III-ECE-A
2026-09-15,Tuesday,7,14:10,15:00,21PDM301L,Analytical and logical thinking skills,skill,high,III-ECE-A
2026-09-16,Wednesday,1,09:00,09:50,21ECC303T,VLSI Design and Technology,theory,high,III-ECE-A
2026-09-16,Wednesday,2,09:50,10:40,21MAB302T,Discrete Mathematics,theory,high,III-ECE-A
2026-09-16,Wednesday,3,10:50,11:40,21ECE468T,System and Network on Chip,theory,high,III-ECE-A
2026-09-16,Wednesday,4,11:40,12:30,21GNP301L,Community connect,practical,high,III-ECE-A
2026-09-16,Wednesday,8,15:10,16:00,21ECC311L,VLSI Design/ Microprocessor Laboratory,lab,high,III-ECE-A
2026-09-16,Wednesday,9,16:00,16:50,21ECC311L,VLSI Design/ Microprocessor Laboratory,lab,high,III-ECE-A
2026-09-17,Thursday,1,09:00,09:50,21MAB302T,Discrete Mathematics,theory,high,III-ECE-A
2026-09-17,Thursday,2,09:50,10:40,21CSO355T,Machine learning for all,theory,high,III-ECE-A
2026-09-17,Thursday,3,10:50,11:40,21ECC303T,VLSI Design and Technology,theory,high,III-ECE-A
2026-09-17,Thursday,4,11:40,12:30,21GNP301L,Community connect,practical,high,III-ECE-A
2026-09-18,Friday,1,09:00,09:50,21ECE468T,System and Network on Chip,theory,high,III-ECE-A
2026-09-18,Friday,2,09:50,10:40,21MAB302T,Discrete Mathematics,theory,high,III-ECE-A
2026-09-18,Friday,3,10:50,11:40,21CSO355T,Machine learning for all,theory,high,III-ECE-A
2026-09-18,Friday,4,11:40,12:30,21ECC303T,VLSI Design and Technology,theory,high,III-ECE-A
2026-09-18,Friday,6,13:20,14:10,21ECC311L,VLSI Design/ Microprocessor Laboratory,lab,high,III-ECE-A
2026-09-18,Friday,7,14:10,15:00,21ECC311L,VLSI Design/ Microprocessor Laboratory,lab,high,III-ECE-A
2026-09-21,Monday,1,09:00,09:50,21CSO355T,Machine learning for all,theory,high,III-ECE-A
2026-09-21,Monday,2,09:50,10:40,21ECC301P,"Microprocessor, Microcontroller, and Interfacing Techniques",theory,high,III-ECE-A
2026-09-21,Monday,3,10:50,11:40,21ECC301P,"Microprocessor, Microcontroller, and Interfacing Techniques",theory,high,III-ECE-A
2026-09-21,Monday,4,11:40,12:30,21MAB302T,Discrete Mathematics,theory,high,III-ECE-A
2026-09-21,Monday,6,13:20,14:10,21PDM301L,Analytical and logical thinking skills,skill,high,III-ECE-A
2026-09-21,Monday,7,14:10,15:00,21PDM301L,Analytical and logical thinking skills,skill,high,III-ECE-A
2026-09-22,Tuesday,1,09:00,09:50,21LEM301T,Indian Art Form,theory,high,III-ECE-A
2026-09-22,Tuesday,2,09:50,10:40,21ECE468T,System and Network on Chip,theory,high,III-ECE-A
2026-09-22,Tuesday,3,10:50,11:40,21ECC301P,"Microprocessor, Microcontroller, and Interfacing Techniques",theory,high,III-ECE-A
2026-09-22,Tuesday,4,11:40,12:30,21ECC301P,"Microprocessor, Microcontroller, and Interfacing Techniques",project,medium,III-ECE-A
2026-09-22,Tuesday,7,14:10,15:00,21PDM301L,Analytical and logical thinking skills,skill,high,III-ECE-A
2026-09-23,Wednesday,1,09:00,09:50,21ECC303T,VLSI Design and Technology,theory,high,III-ECE-A
2026-09-23,Wednesday,2,09:50,10:40,21MAB302T,Discrete Mathematics,theory,high,III-ECE-A
2026-09-23,Wednesday,3,10:50,11:40,21ECE468T,System and Network on Chip,theory,high,III-ECE-A
2026-09-23,Wednesday,4,11:40,12:30,21GNP301L,Community connect,practical,high,III-ECE-A
2026-09-23,Wednesday,8,15:10,16:00,21ECC311L,VLSI Design/ Microprocessor Laboratory,lab,high,III-ECE-A
2026-09-23,Wednesday,9,16:00,16:50,21ECC311L,VLSI Design/ Microprocessor Laboratory,lab,high,III-ECE-A
2026-09-24,Thursday,1,09:00,09:50,21MAB302T,Discrete Mathematics,theory,high,III-ECE-A
2026-09-24,Thursday,2,09:50,10:40,21CSO355T,Machine learning for all,theory,high,III-ECE-A
2026-09-24,Thursday,3,10:50,11:40,21ECC303T,VLSI Design and Technology,theory,high,III-ECE-A
2026-09-24,Thursday,4,11:40,12:30,21GNP301L,Community connect,practical,high,III-ECE-A
2026-09-25,Friday,1,09:00,09:50,21ECE468T,System and Network on Chip,theory,high,III-ECE-A
2026-09-25,Friday,2,09:50,10:40,21MAB302T,Discrete Mathematics,theory,high,III-ECE-A
2026-09-25,Friday,3,10:50,11:40,21CSO355T,Machine learning for all,theory,high,III-ECE-A
2026-09-25,Friday,4,11:40,12:30,21ECC303T,VLSI Design and Technology,theory,high,III-ECE-A
2026-09-25,Friday,6,13:20,14:10,21ECC311L,VLSI Design/ Microprocessor Laboratory,lab,high,III-ECE-A
2026-09-25,Friday,7,14:10,15:00,21ECC311L,VLSI Design/ Microprocessor Laboratory,lab,high,III-ECE-A
2026-09-28,Monday,1,09:00,09:50,21CSO355T,Machine learning for all,theory,high,III-ECE-A
2026-09-28,Monday,2,09:50,10:40,21ECC301P,"Microprocessor, Microcontroller, and Interfacing Techniques",theory,high,III-ECE-A
2026-09-28,Monday,3,10:50,11:40,21ECC301P,"Microprocessor, Microcontroller, and Interfacing Techniques",theory,high,III-ECE-A
2026-09-28,Monday,4,11:40,12:30,21MAB302T,Discrete Mathematics,theory,high,III-ECE-A
2026-09-28,Monday,6,13:20,14:10,21PDM301L,Analytical and logical thinking skills,skill,high,III-ECE-A
2026-09-28,Monday,7,14:10,15:00,21PDM301L,Analytical and logical thinking skills,skill,high,III-ECE-A
2026-09-29,Tuesday,1,09:00,09:50,21LEM301T,Indian Art Form,theory,high,III-ECE-A
2026-09-29,Tuesday,2,09:50,10:40,21ECE468T,System and Network on Chip,theory,high,III-ECE-A
2026-09-29,Tuesday,3,10:50,11:40,21ECC301P,"Microprocessor, Microcontroller, and Interfacing Techniques",theory,high,III-ECE-A
2026-09-29,Tuesday,4,11:40,12:30,21ECC301P,"Microprocessor, Microcontroller, and Interfacing Techniques",project,medium,III-ECE-A
2026-09-29,Tuesday,7,14:10,15:00,21PDM301L,Analytical and logical thinking skills,skill,high,III-ECE-A
2026-09-30,Wednesday,1,09:00,09:50,21ECC303T,VLSI Design and Technology,theory,high,III-ECE-A
2026-09-30,Wednesday,2,09:50,10:40,21MAB302T,Discrete Mathematics,theory,high,III-ECE-A
2026-09-30,Wednesday,3,10:50,11:40,21ECE468T,System and Network on Chip,theory,high,III-ECE-A
2026-09-30,Wednesday,4,11:40,12:30,21GNP301L,Community connect,practical,high,III-ECE-A
2026-09-30,Wednesday,8,15:10,16:00,21ECC311L,VLSI Design/ Microprocessor Laboratory,lab,high,III-ECE-A
2026-09-30,Wednesday,9,16:00,16:50,21ECC311L,VLSI Design/ Microprocessor Laboratory,lab,high,III-ECE-A
2026-10-01,Thursday,1,09:00,09:50,21MAB302T,Discrete Mathematics,theory,high,III-ECE-A
2026-10-01,Thursday,2,09:50,10:40,21CSO355T,Machine learning for all,theory,high,III-ECE-A
2026-10-01,Thursday,3,10:50,11:40,21ECC303T,VLSI Design and Technology,theory,high,III-ECE-A
2026-10-01,Thursday,4,11:40,12:30,21GNP301L,Community connect,practical,high,III-ECE-A
2026-10-02,Friday,1,09:00,09:50,21ECE468T,System and Network on Chip,theory,high,III-ECE-A
2026-10-02,Friday,2,09:50,10:40,21MAB302T,Discrete Mathematics,theory,high,III-ECE-A
2026-10-02,Friday,3,10:50,11:40,21CSO355T,Machine learning for all,theory,high,III-ECE-A
2026-10-02,Friday,4,11:40,12:30,21ECC303T,VLSI Design and Technology,theory,high,III-ECE-A
2026-10-02,Friday,6,13:20,14:10,21ECC311L,VLSI Design/ Microprocessor Laboratory,lab,high,III-ECE-A
2026-10-02,Friday,7,14:10,15:00,21ECC311L,VLSI Design/ Microprocessor Laboratory,lab,high,III-ECE-A
2026-10-05,Monday,1,09:00,09:50,21CSO355T,Machine learning for all,theory,high,III-ECE-A
2026-10-05,Monday,2,09:50,10:40,21ECC301P,"Microprocessor, Microcontroller, and Interfacing Techniques",theory,high,III-ECE-A
2026-10-05,Monday,3,10:50,11:40,21ECC301P,"Microprocessor, Microcontroller, and Interfacing Techniques",theory,high,III-ECE-A
2026-10-05,Monday,4,11:40,12:30,21MAB302T,Discrete Mathematics,theory,high,III-ECE-A
2026-10-05,Monday,6,13:20,14:10,21PDM301L,Analytical and logical thinking skills,skill,high,III-ECE-A
2026-10-05,Monday,7,14:10,15:00,21PDM301L,Analytical and logical thinking skills,skill,high,III-ECE-A
2026-10-06,Tuesday,1,09:00,09:50,21LEM301T,Indian Art Form,theory,high,III-ECE-A
2026-10-06,Tuesday,2,09:50,10:40,21ECE468T,System and Network on Chip,theory,high,III-ECE-A
2026-10-06,Tuesday,3,10:50,11:40,21ECC301P,"Microprocessor, Microcontroller, and Interfacing Techniques",theory,high,III-ECE-A
2026-10-06,Tuesday,4,11:40,12:30,21ECC301P,"Microprocessor, Microcontroller, and Interfacing Techniques",project,medium,III-ECE-A
2026-10-06,Tuesday,7,14:10,15:00,21PDM301L,Analytical and logical thinking skills,skill,high,III-ECE-A
2026-10-07,Wednesday,1,09:00,09:50,21ECC303T,VLSI Design and Technology,theory,high,III-ECE-A
2026-10-07,Wednesday,2,09:50,10:40,21MAB302T,Discrete Mathematics,theory,high,III-ECE-A
2026-10-07,Wednesday,3,10:50,11:40,21ECE468T,System and Network on Chip,theory,high,III-ECE-A
2026-10-07,Wednesday,4,11:40,12:30,21GNP301L,Community connect,practical,high,III-ECE-A
2026-10-07,Wednesday,8,15:10,16:00,21ECC311L,VLSI Design/ Microprocessor Laboratory,lab,high,III-ECE-A
2026-10-07,Wednesday,9,16:00,16:50,21ECC311L,VLSI Design/ Microprocessor Laboratory,lab,high,III-ECE-A
2026-10-08,Thursday,1,09:00,09:50,21MAB302T,Discrete Mathematics,theory,high,III-ECE-A
2026-10-08,Thursday,2,09:50,10:40,21CSO355T,Machine learning for all,theory,high,III-ECE-A
2026-10-08,Thursday,3,10:50,11:40,21ECC303T,VLSI Design and Technology,theory,high,III-ECE-A
2026-10-08,Thursday,4,11:40,12:30,21GNP301L,Community connect,practical,high,III-ECE-A
2026-10-09,Friday,1,09:00,09:50,21ECE468T,System and Network on Chip,theory,high,III-ECE-A
2026-10-09,Friday,2,09:50,10:40,21MAB302T,Discrete Mathematics,theory,high,III-ECE-A
2026-10-09,Friday,3,10:50,11:40,21CSO355T,Machine learning for all,theory,high,III-ECE-A
2026-10-09,Friday,4,11:40,12:30,21ECC303T,VLSI Design and Technology,theory,high,III-ECE-A
2026-10-09,Friday,6,13:20,14:10,21ECC311L,VLSI Design/ Microprocessor Laboratory,lab,high,III-ECE-A
2026-10-09,Friday,7,14:10,15:00,21ECC311L,VLSI Design/ Microprocessor Laboratory,lab,high,III-ECE-A
2026-10-12,Monday,1,09:00,09:50,21CSO355T,Machine learning for all,theory,high,III-ECE-A
2026-10-12,Monday,2,09:50,10:40,21ECC301P,"Microprocessor, Microcontroller, and Interfacing Techniques",theory,high,III-ECE-A
2026-10-12,Monday,3,10:50,11:40,21ECC301P,"Microprocessor, Microcontroller, and Interfacing Techniques",theory,high,III-ECE-A
2026-10-12,Monday,4,11:40,12:30,21MAB302T,Discrete Mathematics,theory,high,III-ECE-A
2026-10-12,Monday,6,13:20,14:10,21PDM301L,Analytical and logical thinking skills,skill,high,III-ECE-A
2026-10-12,Monday,7,14:10,15:00,21PDM301L,Analytical and logical thinking skills,skill,high,III-ECE-A
2026-10-13,Tuesday,1,09:00,09:50,21LEM301T,Indian Art Form,theory,high,III-ECE-A
2026-10-13,Tuesday,2,09:50,10:40,21ECE468T,System and Network on Chip,theory,high,III-ECE-A
2026-10-13,Tuesday,3,10:50,11:40,21ECC301P,"Microprocessor, Microcontroller, and Interfacing Techniques",theory,high,III-ECE-A
2026-10-13,Tuesday,4,11:40,12:30,21ECC301P,"Microprocessor, Microcontroller, and Interfacing Techniques",project,medium,III-ECE-A
2026-10-13,Tuesday,7,14:10,15:00,21PDM301L,Analytical and logical thinking skills,skill,high,III-ECE-A
2026-10-14,Wednesday,1,09:00,09:50,21ECC303T,VLSI Design and Technology,theory,high,III-ECE-A
2026-10-14,Wednesday,2,09:50,10:40,21MAB302T,Discrete Mathematics,theory,high,III-ECE-A
2026-10-14,Wednesday,3,10:50,11:40,21ECE468T,System and Network on Chip,theory,high,III-ECE-A
2026-10-14,Wednesday,4,11:40,12:30,21GNP301L,Community connect,practical,high,III-ECE-A
2026-10-14,Wednesday,8,15:10,16:00,21ECC311L,VLSI Design/ Microprocessor Laboratory,lab,high,III-ECE-A
2026-10-14,Wednesday,9,16:00,16:50,21ECC311L,VLSI Design/ Microprocessor Laboratory,lab,high,III-ECE-A
2026-10-15,Thursday,1,09:00,09:50,21MAB302T,Discrete Mathematics,theory,high,III-ECE-A
2026-10-15,Thursday,2,09:50,10:40,21CSO355T,Machine learning for all,theory,high,III-ECE-A
2026-10-15,Thursday,3,10:50,11:40,21ECC303T,VLSI Design and Technology,theory,high,III-ECE-A
2026-10-15,Thursday,4,11:40,12:30,21GNP301L,Community connect,practical,high,III-ECE-A
2026-10-16,Friday,1,09:00,09:50,21ECE468T,System and Network on Chip,theory,high,III-ECE-A
2026-10-16,Friday,2,09:50,10:40,21MAB302T,Discrete Mathematics,theory,high,III-ECE-A
2026-10-16,Friday,3,10:50,11:40,21CSO355T,Machine learning for all,theory,high,III-ECE-A
2026-10-16,Friday,4,11:40,12:30,21ECC303T,VLSI Design and Technology,theory,high,III-ECE-A
2026-10-16,Friday,6,13:20,14:10,21ECC311L,VLSI Design/ Microprocessor Laboratory,lab,high,III-ECE-A
2026-10-16,Friday,7,14:10,15:00,21ECC311L,VLSI Design/ Microprocessor Laboratory,lab,high,III-ECE-A
2026-10-19,Monday,1,09:00,09:50,21CSO355T,Machine learning for all,theory,high,III-ECE-A
2026-10-19,Monday,2,09:50,10:40,21ECC301P,"Microprocessor, Microcontroller, and Interfacing Techniques",theory,high,III-ECE-A
2026-10-19,Monday,3,10:50,11:40,21ECC301P,"Microprocessor, Microcontroller, and Interfacing Techniques",theory,high,III-ECE-A
2026-10-19,Monday,4,11:40,12:30,21MAB302T,Discrete Mathematics,theory,high,III-ECE-A
2026-10-19,Monday,6,13:20,14:10,21PDM301L,Analytical and logical thinking skills,skill,high,III-ECE-A
2026-10-19,Monday,7,14:10,15:00,21PDM301L,Analytical and logical thinking skills,skill,high,III-ECE-A
2026-10-20,Tuesday,1,09:00,09:50,21LEM301T,Indian Art Form,theory,high,III-ECE-A
2026-10-20,Tuesday,2,09:50,10:40,21ECE468T,System and Network on Chip,theory,high,III-ECE-A
2026-10-20,Tuesday,3,10:50,11:40,21ECC301P,"Microprocessor, Microcontroller, and Interfacing Techniques",theory,high,III-ECE-A
2026-10-20,Tuesday,4,11:40,12:30,21ECC301P,"Microprocessor, Microcontroller, and Interfacing Techniques",project,medium,III-ECE-A
2026-10-20,Tuesday,7,14:10,15:00,21PDM301L,Analytical and logical thinking skills,skill,high,III-ECE-A
2026-10-21,Wednesday,1,09:00,09:50,21ECC303T,VLSI Design and Technology,theory,high,III-ECE-A
2026-10-21,Wednesday,2,09:50,10:40,21MAB302T,Discrete Mathematics,theory,high,III-ECE-A
2026-10-21,Wednesday,3,10:50,11:40,21ECE468T,System and Network on Chip,theory,high,III-ECE-A
2026-10-21,Wednesday,4,11:40,12:30,21GNP301L,Community connect,practical,high,III-ECE-A
2026-10-21,Wednesday,8,15:10,16:00,21ECC311L,VLSI Design/ Microprocessor Laboratory,lab,high,III-ECE-A
2026-10-21,Wednesday,9,16:00,16:50,21ECC311L,VLSI Design/ Microprocessor Laboratory,lab,high,III-ECE-A
2026-10-22,Thursday,1,09:00,09:50,21MAB302T,Discrete Mathematics,theory,high,III-ECE-A
2026-10-22,Thursday,2,09:50,10:40,21CSO355T,Machine learning for all,theory,high,III-ECE-A
2026-10-22,Thursday,3,10:50,11:40,21ECC303T,VLSI Design and Technology,theory,high,III-ECE-A
2026-10-22,Thursday,4,11:40,12:30,21GNP301L,Community connect,practical,high,III-ECE-A
2026-10-23,Friday,1,09:00,09:50,21ECE468T,System and Network on Chip,theory,high,III-ECE-A
2026-10-23,Friday,2,09:50,10:40,21MAB302T,Discrete Mathematics,theory,high,III-ECE-A
2026-10-23,Friday,3,10:50,11:40,21CSO355T,Machine learning for all,theory,high,III-ECE-A
2026-10-23,Friday,4,11:40,12:30,21ECC303T,VLSI Design and Technology,theory,high,III-ECE-A
2026-10-23,Friday,6,13:20,14:10,21ECC311L,VLSI Design/ Microprocessor Laboratory,lab,high,III-ECE-A
2026-10-23,Friday,7,14:10,15:00,21ECC311L,VLSI Design/ Microprocessor Laboratory,lab,high,III-ECE-A
2026-10-26,Monday,1,09:00,09:50,21CSO355T,Machine learning for all,theory,high,III-ECE-A
2026-10-26,Monday,2,09:50,10:40,21ECC301P,"Microprocessor, Microcontroller, and Interfacing Techniques",theory,high,III-ECE-A
2026-10-26,Monday,3,10:50,11:40,21ECC301P,"Microprocessor, Microcontroller, and Interfacing Techniques",theory,high,III-ECE-A
2026-10-26,Monday,4,11:40,12:30,21MAB302T,Discrete Mathematics,theory,high,III-ECE-A
2026-10-26,Monday,6,13:20,14:10,21PDM301L,Analytical and logical thinking skills,skill,high,III-ECE-A
2026-10-26,Monday,7,14:10,15:00,21PDM301L,Analytical and logical thinking skills,skill,high,III-ECE-A
2026-10-27,Tuesday,1,09:00,09:50,21LEM301T,Indian Art Form,theory,high,III-ECE-A
2026-10-27,Tuesday,2,09:50,10:40,21ECE468T,System and Network on Chip,theory,high,III-ECE-A
2026-10-27,Tuesday,3,10:50,11:40,21ECC301P,"Microprocessor, Microcontroller, and Interfacing Techniques",theory,high,III-ECE-A
2026-10-27,Tuesday,4,11:40,12:30,21ECC301P,"Microprocessor, Microcontroller, and Interfacing Techniques",project,medium,III-ECE-A
2026-10-27,Tuesday,7,14:10,15:00,21PDM301L,Analytical and logical thinking skills,skill,high,III-ECE-A
2026-10-28,Wednesday,1,09:00,09:50,21ECC303T,VLSI Design and Technology,theory,high,III-ECE-A
2026-10-28,Wednesday,2,09:50,10:40,21MAB302T,Discrete Mathematics,theory,high,III-ECE-A
2026-10-28,Wednesday,3,10:50,11:40,21ECE468T,System and Network on Chip,theory,high,III-ECE-A
2026-10-28,Wednesday,4,11:40,12:30,21GNP301L,Community connect,practical,high,III-ECE-A
2026-10-28,Wednesday,8,15:10,16:00,21ECC311L,VLSI Design/ Microprocessor Laboratory,lab,high,III-ECE-A
2026-10-28,Wednesday,9,16:00,16:50,21ECC311L,VLSI Design/ Microprocessor Laboratory,lab,high,III-ECE-A
2026-10-29,Thursday,1,09:00,09:50,21MAB302T,Discrete Mathematics,theory,high,III-ECE-A
2026-10-29,Thursday,2,09:50,10:40,21CSO355T,Machine learning for all,theory,high,III-ECE-A
2026-10-29,Thursday,3,10:50,11:40,21ECC303T,VLSI Design and Technology,theory,high,III-ECE-A
2026-10-29,Thursday,4,11:40,12:30,21GNP301L,Community connect,practical,high,III-ECE-A
2026-10-30,Friday,1,09:00,09:50,21ECE468T,System and Network on Chip,theory,high,III-ECE-A
2026-10-30,Friday,2,09:50,10:40,21MAB302T,Discrete Mathematics,theory,high,III-ECE-A
2026-10-30,Friday,3,10:50,11:40,21CSO355T,Machine learning for all,theory,high,III-ECE-A
2026-10-30,Friday,4,11:40,12:30,21ECC303T,VLSI Design and Technology,theory,high,III-ECE-A
2026-10-30,Friday,6,13:20,14:10,21ECC311L,VLSI Design/ Microprocessor Laboratory,lab,high,III-ECE-A
2026-10-30,Friday,7,14:10,15:00,21ECC311L,VLSI Design/ Microprocessor Laboratory,lab,high,III-ECE-A
2026-11-02,Monday,1,09:00,09:50,21CSO355T,Machine learning for all,theory,high,III-ECE-A
2026-11-02,Monday,2,09:50,10:40,21ECC301P,"Microprocessor, Microcontroller, and Interfacing Techniques",theory,high,III-ECE-A
2026-11-02,Monday,3,10:50,11:40,21ECC301P,"Microprocessor, Microcontroller, and Interfacing Techniques",theory,high,III-ECE-A
2026-11-02,Monday,4,11:40,12:30,21MAB302T,Discrete Mathematics,theory,high,III-ECE-A
2026-11-02,Monday,6,13:20,14:10,21PDM301L,Analytical and logical thinking skills,skill,high,III-ECE-A
2026-11-02,Monday,7,14:10,15:00,21PDM301L,Analytical and logical thinking skills,skill,high,III-ECE-A
2026-11-03,Tuesday,1,09:00,09:50,21LEM301T,Indian Art Form,theory,high,III-ECE-A
2026-11-03,Tuesday,2,09:50,10:40,21ECE468T,System and Network on Chip,theory,high,III-ECE-A
2026-11-03,Tuesday,3,10:50,11:40,21ECC301P,"Microprocessor, Microcontroller, and Interfacing Techniques",theory,high,III-ECE-A
2026-11-03,Tuesday,4,11:40,12:30,21ECC301P,"Microprocessor, Microcontroller, and Interfacing Techniques",project,medium,III-ECE-A
2026-11-03,Tuesday,7,14:10,15:00,21PDM301L,Analytical and logical thinking skills,skill,high,III-ECE-A
2026-11-04,Wednesday,1,09:00,09:50,21ECC303T,VLSI Design and Technology,theory,high,III-ECE-A
2026-11-04,Wednesday,2,09:50,10:40,21MAB302T,Discrete Mathematics,theory,high,III-ECE-A
2026-11-04,Wednesday,3,10:50,11:40,21ECE468T,System and Network on Chip,theory,high,III-ECE-A
2026-11-04,Wednesday,4,11:40,12:30,21GNP301L,Community connect,practical,high,III-ECE-A
2026-11-04,Wednesday,8,15:10,16:00,21ECC311L,VLSI Design/ Microprocessor Laboratory,lab,high,III-ECE-A
2026-11-04,Wednesday,9,16:00,16:50,21ECC311L,VLSI Design/ Microprocessor Laboratory,lab,high,III-ECE-A
2026-11-05,Thursday,1,09:00,09:50,21MAB302T,Discrete Mathematics,theory,high,III-ECE-A
2026-11-05,Thursday,2,09:50,10:40,21CSO355T,Machine learning for all,theory,high,III-ECE-A
2026-11-05,Thursday,3,10:50,11:40,21ECC303T,VLSI Design and Technology,theory,high,III-ECE-A
2026-11-05,Thursday,4,11:40,12:30,21GNP301L,Community connect,practical,high,III-ECE-A
2026-11-06,Friday,1,09:00,09:50,21ECE468T,System and Network on Chip,theory,high,III-ECE-A
2026-11-06,Friday,2,09:50,10:40,21MAB302T,Discrete Mathematics,theory,high,III-ECE-A
2026-11-06,Friday,3,10:50,11:40,21CSO355T,Machine learning for all,theory,high,III-ECE-A
2026-11-06,Friday,4,11:40,12:30,21ECC303T,VLSI Design and Technology,theory,high,III-ECE-A
2026-11-06,Friday,6,13:20,14:10,21ECC311L,VLSI Design/ Microprocessor Laboratory,lab,high,III-ECE-A
2026-11-06,Friday,7,14:10,15:00,21ECC311L,VLSI Design/ Microprocessor Laboratory,lab,high,III-ECE-A
2026-11-09,Monday,1,09:00,09:50,21CSO355T,Machine learning for all,theory,high,III-ECE-A
2026-11-09,Monday,2,09:50,10:40,21ECC301P,"Microprocessor, Microcontroller, and Interfacing Techniques",theory,high,III-ECE-A
2026-11-09,Monday,3,10:50,11:40,21ECC301P,"Microprocessor, Microcontroller, and Interfacing Techniques",theory,high,III-ECE-A
2026-11-09,Monday,4,11:40,12:30,21MAB302T,Discrete Mathematics,theory,high,III-ECE-A
2026-11-09,Monday,6,13:20,14:10,21PDM301L,Analytical and logical thinking skills,skill,high,III-ECE-A
2026-11-09,Monday,7,14:10,15:00,21PDM301L,Analytical and logical thinking skills,skill,high,III-ECE-A
2026-11-10,Tuesday,1,09:00,09:50,21LEM301T,Indian Art Form,theory,high,III-ECE-A
2026-11-10,Tuesday,2,09:50,10:40,21ECE468T,System and Network on Chip,theory,high,III-ECE-A
2026-11-10,Tuesday,3,10:50,11:40,21ECC301P,"Microprocessor, Microcontroller, and Interfacing Techniques",theory,high,III-ECE-A
2026-11-10,Tuesday,4,11:40,12:30,21ECC301P,"Microprocessor, Microcontroller, and Interfacing Techniques",project,medium,III-ECE-A
2026-11-10,Tuesday,7,14:10,15:00,21PDM301L,Analytical and logical thinking skills,skill,high,III-ECE-A
2026-11-11,Wednesday,1,09:00,09:50,21ECC303T,VLSI Design and Technology,theory,high,III-ECE-A
2026-11-11,Wednesday,2,09:50,10:40,21MAB302T,Discrete Mathematics,theory,high,III-ECE-A
2026-11-11,Wednesday,3,10:50,11:40,21ECE468T,System and Network on Chip,theory,high,III-ECE-A
2026-11-11,Wednesday,4,11:40,12:30,21GNP301L,Community connect,practical,high,III-ECE-A
2026-11-11,Wednesday,8,15:10,16:00,21ECC311L,VLSI Design/ Microprocessor Laboratory,lab,high,III-ECE-A
2026-11-11,Wednesday,9,16:00,16:50,21ECC311L,VLSI Design/ Microprocessor Laboratory,lab,high,III-ECE-A
2026-11-12,Thursday,1,09:00,09:50,21MAB302T,Discrete Mathematics,theory,high,III-ECE-A
2026-11-12,Thursday,2,09:50,10:40,21CSO355T,Machine learning for all,theory,high,III-ECE-A
2026-11-12,Thursday,3,10:50,11:40,21ECC303T,VLSI Design and Technology,theory,high,III-ECE-A
2026-11-12,Thursday,4,11:40,12:30,21GNP301L,Community connect,practical,high,III-ECE-A
2026-11-13,Friday,1,09:00,09:50,21ECE468T,System and Network on Chip,theory,high,III-ECE-A
2026-11-13,Friday,2,09:50,10:40,21MAB302T,Discrete Mathematics,theory,high,III-ECE-A
2026-11-13,Friday,3,10:50,11:40,21CSO355T,Machine learning for all,theory,high,III-ECE-A
2026-11-13,Friday,4,11:40,12:30,21ECC303T,VLSI Design and Technology,theory,high,III-ECE-A
2026-11-13,Friday,6,13:20,14:10,21ECC311L,VLSI Design/ Microprocessor Laboratory,lab,high,III-ECE-A
2026-11-13,Friday,7,14:10,15:00,21ECC311L,VLSI Design/ Microprocessor Laboratory,lab,high,III-ECE-A
2026-11-16,Monday,1,09:00,09:50,21CSO355T,Machine learning for all,theory,high,III-ECE-A
2026-11-16,Monday,2,09:50,10:40,21ECC301P,"Microprocessor, Microcontroller, and Interfacing Techniques",theory,high,III-ECE-A
2026-11-16,Monday,3,10:50,11:40,21ECC301P,"Microprocessor, Microcontroller, and Interfacing Techniques",theory,high,III-ECE-A
2026-11-16,Monday,4,11:40,12:30,21MAB302T,Discrete Mathematics,theory,high,III-ECE-A
2026-11-16,Monday,6,13:20,14:10,21PDM301L,Analytical and logical thinking skills,skill,high,III-ECE-A
2026-11-16,Monday,7,14:10,15:00,21PDM301L,Analytical and logical thinking skills,skill,high,III-ECE-A
2026-11-17,Tuesday,1,09:00,09:50,21LEM301T,Indian Art Form,theory,high,III-ECE-A
2026-11-17,Tuesday,2,09:50,10:40,21ECE468T,System and Network on Chip,theory,high,III-ECE-A
2026-11-17,Tuesday,3,10:50,11:40,21ECC301P,"Microprocessor, Microcontroller, and Interfacing Techniques",theory,high,III-ECE-A
2026-11-17,Tuesday,4,11:40,12:30,21ECC301P,"Microprocessor, Microcontroller, and Interfacing Techniques",project,medium,III-ECE-A
2026-11-17,Tuesday,7,14:10,15:00,21PDM301L,Analytical and logical thinking skills,skill,high,III-ECE-A
2026-11-18,Wednesday,1,09:00,09:50,21ECC303T,VLSI Design and Technology,theory,high,III-ECE-A
2026-11-18,Wednesday,2,09:50,10:40,21MAB302T,Discrete Mathematics,theory,high,III-ECE-A
2026-11-18,Wednesday,3,10:50,11:40,21ECE468T,System and Network on Chip,theory,high,III-ECE-A
2026-11-18,Wednesday,4,11:40,12:30,21GNP301L,Community connect,practical,high,III-ECE-A
2026-11-18,Wednesday,8,15:10,16:00,21ECC311L,VLSI Design/ Microprocessor Laboratory,lab,high,III-ECE-A
2026-11-18,Wednesday,9,16:00,16:50,21ECC311L,VLSI Design/ Microprocessor Laboratory,lab,high,III-ECE-A
2026-11-19,Thursday,1,09:00,09:50,21MAB302T,Discrete Mathematics,theory,high,III-ECE-A
2026-11-19,Thursday,2,09:50,10:40,21CSO355T,Machine learning for all,theory,high,III-ECE-A
2026-11-19,Thursday,3,10:50,11:40,21ECC303T,VLSI Design and Technology,theory,high,III-ECE-A
2026-11-19,Thursday,4,11:40,12:30,21GNP301L,Community connect,practical,high,III-ECE-A
2026-11-20,Friday,1,09:00,09:50,21ECE468T,System and Network on Chip,theory,high,III-ECE-A
2026-11-20,Friday,2,09:50,10:40,21MAB302T,Discrete Mathematics,theory,high,III-ECE-A
2026-11-20,Friday,3,10:50,11:40,21CSO355T,Machine learning for all,theory,high,III-ECE-A
2026-11-20,Friday,4,11:40,12:30,21ECC303T,VLSI Design and Technology,theory,high,III-ECE-A
2026-11-20,Friday,6,13:20,14:10,21ECC311L,VLSI Design/ Microprocessor Laboratory,lab,high,III-ECE-A
2026-11-20,Friday,7,14:10,15:00,21ECC311L,VLSI Design/ Microprocessor Laboratory,lab,high,III-ECE-A
2026-11-23,Monday,1,09:00,09:50,21CSO355T,Machine learning for all,theory,high,III-ECE-A
2026-11-23,Monday,2,09:50,10:40,21ECC301P,"Microprocessor, Microcontroller, and Interfacing Techniques",theory,high,III-ECE-A
2026-11-23,Monday,3,10:50,11:40,21ECC301P,"Microprocessor, Microcontroller, and Interfacing Techniques",theory,high,III-ECE-A
2026-11-23,Monday,4,11:40,12:30,21MAB302T,Discrete Mathematics,theory,high,III-ECE-A
2026-11-23,Monday,6,13:20,14:10,21PDM301L,Analytical and logical thinking skills,skill,high,III-ECE-A
2026-11-23,Monday,7,14:10,15:00,21PDM301L,Analytical and logical thinking skills,skill,high,III-ECE-A
2026-11-24,Tuesday,1,09:00,09:50,21LEM301T,Indian Art Form,theory,high,III-ECE-A
2026-11-24,Tuesday,2,09:50,10:40,21ECE468T,System and Network on Chip,theory,high,III-ECE-A
2026-11-24,Tuesday,3,10:50,11:40,21ECC301P,"Microprocessor, Microcontroller, and Interfacing Techniques",theory,high,III-ECE-A
2026-11-24,Tuesday,4,11:40,12:30,21ECC301P,"Microprocessor, Microcontroller, and Interfacing Techniques",project,medium,III-ECE-A
2026-11-24,Tuesday,7,14:10,15:00,21PDM301L,Analytical and logical thinking skills,skill,high,III-ECE-A
2026-11-25,Wednesday,1,09:00,09:50,21ECC303T,VLSI Design and Technology,theory,high,III-ECE-A
2026-11-25,Wednesday,2,09:50,10:40,21MAB302T,Discrete Mathematics,theory,high,III-ECE-A
2026-11-25,Wednesday,3,10:50,11:40,21ECE468T,System and Network on Chip,theory,high,III-ECE-A
2026-11-25,Wednesday,4,11:40,12:30,21GNP301L,Community connect,practical,high,III-ECE-A
2026-11-25,Wednesday,8,15:10,16:00,21ECC311L,VLSI Design/ Microprocessor Laboratory,lab,high,III-ECE-A
2026-11-25,Wednesday,9,16:00,16:50,21ECC311L,VLSI Design/ Microprocessor Laboratory,lab,high,III-ECE-A
2026-11-26,Thursday,1,09:00,09:50,21MAB302T,Discrete Mathematics,theory,high,III-ECE-A
2026-11-26,Thursday,2,09:50,10:40,21CSO355T,Machine learning for all,theory,high,III-ECE-A
2026-11-26,Thursday,3,10:50,11:40,21ECC303T,VLSI Design and Technology,theory,high,III-ECE-A
2026-11-26,Thursday,4,11:40,12:30,21GNP301L,Community connect,practical,high,III-ECE-A
2026-11-27,Friday,1,09:00,09:50,21ECE468T,System and Network on Chip,theory,high,III-ECE-A
2026-11-27,Friday,2,09:50,10:40,21MAB302T,Discrete Mathematics,theory,high,III-ECE-A
2026-11-27,Friday,3,10:50,11:40,21CSO355T,Machine learning for all,theory,high,III-ECE-A
2026-11-27,Friday,4,11:40,12:30,21ECC303T,VLSI Design and Technology,theory,high,III-ECE-A
2026-11-27,Friday,6,13:20,14:10,21ECC311L,VLSI Design/ Microprocessor Laboratory,lab,high,III-ECE-A
2026-11-27,Friday,7,14:10,15:00,21ECC311L,VLSI Design/ Microprocessor Laboratory,lab,high,III-ECE-A
2026-08-31,Monday,1,09:00,09:50,21ECC311L,VLSI Design/ Microprocessor Laboratory,lab,high,III-ECE-B
2026-08-31,Monday,2,09:50,10:40,21ECC311L,VLSI Design/ Microprocessor Laboratory,lab,high,III-ECE-B
2026-08-31,Monday,6,13:20,14:10,21CSO355T,Machine learning for all,theory,high,III-ECE-B
2026-08-31,Monday,7,14:10,15:00,21ECC301P,"Microprocessor, Microcontroller, and Interfacing Techniques",theory,high,III-ECE-B
2026-08-31,Monday,8,15:10,16:00,21MAB302T,Discrete Mathematics,theory,high,III-ECE-B
2026-08-31,Monday,9,16:00,16:50,21ECE468T,System and Network on Chip,theory,high,III-ECE-B
2026-09-01,Tuesday,1,09:00,09:50,21PDM301L,Analytical and logical thinking skills,skill,high,III-ECE-B
2026-09-01,Tuesday,2,09:50,10:40,21PDM301L,Analytical and logical thinking skills,skill,high,III-ECE-B
2026-09-01,Tuesday,6,13:20,14:10,21GNP301L,Community connect,practical,high,III-ECE-B
2026-09-01,Tuesday,7,14:10,15:00,21ECC301P,"Microprocessor, Microcontroller, and Interfacing Techniques",theory,high,III-ECE-B
2026-09-01,Tuesday,8,15:10,16:00,21ECE468T,System and Network on Chip,theory,high,III-ECE-B
2026-09-01,Tuesday,9,16:00,16:50,21ECC303T,VLSI Design and Technology,theory,high,III-ECE-B
2026-09-02,Wednesday,1,09:00,09:50,21PDM301L,Analytical and logical thinking skills,skill,high,III-ECE-B
2026-09-02,Wednesday,6,13:20,14:10,21ECC301P,"Microprocessor, Microcontroller, and Interfacing Techniques",project,medium,III-ECE-B
2026-09-02,Wednesday,7,14:10,15:00,21ECC301P,"Microprocessor, Microcontroller, and Interfacing Techniques",theory,high,III-ECE-B
2026-09-02,Wednesday,8,15:10,16:00,21MAB302T,Discrete Mathematics,theory,high,III-ECE-B
2026-09-02,Wednesday,9,16:00,16:50,21LEM301T,Indian Art Form,theory,high,III-ECE-B
2026-09-03,Thursday,1,09:00,09:50,21ECC311L,VLSI Design/ Microprocessor Laboratory,lab,high,III-ECE-B
2026-09-03,Thursday,2,09:50,10:40,21ECC311L,VLSI Design/ Microprocessor Laboratory,lab,high,III-ECE-B
2026-09-03,Thursday,6,13:20,14:10,21MAB302T,Discrete Mathematics,theory,high,III-ECE-B
2026-09-03,Thursday,7,14:10,15:00,21ECC303T,VLSI Design and Technology,theory,high,III-ECE-B
2026-09-03,Thursday,8,15:10,16:00,21CSO355T,Machine learning for all,theory,high,III-ECE-B
2026-09-03,Thursday,9,16:00,16:50,21GNP301L,Community connect,practical,high,III-ECE-B
2026-09-04,Friday,6,13:20,14:10,21ECC303T,VLSI Design and Technology,theory,high,III-ECE-B
2026-09-04,Friday,7,14:10,15:00,21MAB302T,Discrete Mathematics,theory,high,III-ECE-B
2026-09-04,Friday,8,15:10,16:00,21CSO355T,Machine learning for all,theory,high,III-ECE-B
2026-09-04,Friday,9,16:00,16:50,21ECE468T,System and Network on Chip,theory,high,III-ECE-B
2026-09-07,Monday,1,09:00,09:50,21ECC311L,VLSI Design/ Microprocessor Laboratory,lab,high,III-ECE-B
2026-09-07,Monday,2,09:50,10:40,21ECC311L,VLSI Design/ Microprocessor Laboratory,lab,high,III-ECE-B
2026-09-07,Monday,6,13:20,14:10,21CSO355T,Machine learning for all,theory,high,III-ECE-B
2026-09-07,Monday,7,14:10,15:00,21ECC301P,"Microprocessor, Microcontroller, and Interfacing Techniques",theory,high,III-ECE-B
2026-09-07,Monday,8,15:10,16:00,21MAB302T,Discrete Mathematics,theory,high,III-ECE-B
2026-09-07,Monday,9,16:00,16:50,21ECE468T,System and Network on Chip,theory,high,III-ECE-B
2026-09-08,Tuesday,1,09:00,09:50,21PDM301L,Analytical and logical thinking skills,skill,high,III-ECE-B
2026-09-08,Tuesday,2,09:50,10:40,21PDM301L,Analytical and logical thinking skills,skill,high,III-ECE-B
2026-09-08,Tuesday,6,13:20,14:10,21GNP301L,Community connect,practical,high,III-ECE-B
2026-09-08,Tuesday,7,14:10,15:00,21ECC301P,"Microprocessor, Microcontroller, and Interfacing Techniques",theory,high,III-ECE-B
2026-09-08,Tuesday,8,15:10,16:00,21ECE468T,System and Network on Chip,theory,high,III-ECE-B
2026-09-08,Tuesday,9,16:00,16:50,21ECC303T,VLSI Design and Technology,theory,high,III-ECE-B
2026-09-09,Wednesday,1,09:00,09:50,21PDM301L,Analytical and logical thinking skills,skill,high,III-ECE-B
2026-09-09,Wednesday,6,13:20,14:10,21ECC301P,"Microprocessor, Microcontroller, and Interfacing Techniques",project,medium,III-ECE-B
2026-09-09,Wednesday,7,14:10,15:00,21ECC301P,"Microprocessor, Microcontroller, and Interfacing Techniques",theory,high,III-ECE-B
2026-09-09,Wednesday,8,15:10,16:00,21MAB302T,Discrete Mathematics,theory,high,III-ECE-B
2026-09-09,Wednesday,9,16:00,16:50,21LEM301T,Indian Art Form,theory,high,III-ECE-B
2026-09-10,Thursday,1,09:00,09:50,21ECC311L,VLSI Design/ Microprocessor Laboratory,lab,high,III-ECE-B
2026-09-10,Thursday,2,09:50,10:40,21ECC311L,VLSI Design/ Microprocessor Laboratory,lab,high,III-ECE-B
2026-09-10,Thursday,6,13:20,14:10,21MAB302T,Discrete Mathematics,theory,high,III-ECE-B
2026-09-10,Thursday,7,14:10,15:00,21ECC303T,VLSI Design and Technology,theory,high,III-ECE-B
2026-09-10,Thursday,8,15:10,16:00,21CSO355T,Machine learning for all,theory,high,III-ECE-B
2026-09-10,Thursday,9,16:00,16:50,21GNP301L,Community connect,practical,high,III-ECE-B
2026-09-11,Friday,6,13:20,14:10,21ECC303T,VLSI Design and Technology,theory,high,III-ECE-B
2026-09-11,Friday,7,14:10,15:00,21MAB302T,Discrete Mathematics,theory,high,III-ECE-B
2026-09-11,Friday,8,15:10,16:00,21CSO355T,Machine learning for all,theory,high,III-ECE-B
2026-09-11,Friday,9,16:00,16:50,21ECE468T,System and Network on Chip,theory,high,III-ECE-B
2026-09-14,Monday,1,09:00,09:50,21ECC311L,VLSI Design/ Microprocessor Laboratory,lab,high,III-ECE-B
2026-09-14,Monday,2,09:50,10:40,21ECC311L,VLSI Design/ Microprocessor Laboratory,lab,high,III-ECE-B
2026-09-14,Monday,6,13:20,14:10,21CSO355T,Machine learning for all,theory,high,III-ECE-B
2026-09-14,Monday,7,14:10,15:00,21ECC301P,"Microprocessor, Microcontroller, and Interfacing Techniques",theory,high,III-ECE-B
2026-09-14,Monday,8,15:10,16:00,21MAB302T,Discrete Mathematics,theory,high,III-ECE-B
2026-09-14,Monday,9,16:00,16:50,21ECE468T,System and Network on Chip,theory,high,III-ECE-B
2026-09-15,Tuesday,1,09:00,09:50,21PDM301L,Analytical and logical thinking skills,skill,high,III-ECE-B
2026-09-15,Tuesday,2,09:50,10:40,21PDM301L,Analytical and logical thinking skills,skill,high,III-ECE-B
2026-09-15,Tuesday,6,13:20,14:10,21GNP301L,Community connect,practical,high,III-ECE-B
2026-09-15,Tuesday,7,14:10,15:00,21ECC301P,"Microprocessor, Microcontroller, and Interfacing Techniques",theory,high,III-ECE-B
2026-09-15,Tuesday,8,15:10,16:00,21ECE468T,System and Network on Chip,theory,high,III-ECE-B
2026-09-15,Tuesday,9,16:00,16:50,21ECC303T,VLSI Design and Technology,theory,high,III-ECE-B
2026-09-16,Wednesday,1,09:00,09:50,21PDM301L,Analytical and logical thinking skills,skill,high,III-ECE-B
2026-09-16,Wednesday,6,13:20,14:10,21ECC301P,"Microprocessor, Microcontroller, and Interfacing Techniques",project,medium,III-ECE-B
2026-09-16,Wednesday,7,14:10,15:00,21ECC301P,"Microprocessor, Microcontroller, and Interfacing Techniques",theory,high,III-ECE-B
2026-09-16,Wednesday,8,15:10,16:00,21MAB302T,Discrete Mathematics,theory,high,III-ECE-B
2026-09-16,Wednesday,9,16:00,16:50,21LEM301T,Indian Art Form,theory,high,III-ECE-B
2026-09-17,Thursday,1,09:00,09:50,21ECC311L,VLSI Design/ Microprocessor Laboratory,lab,high,III-ECE-B
2026-09-17,Thursday,2,09:50,10:40,21ECC311L,VLSI Design/ Microprocessor Laboratory,lab,high,III-ECE-B
2026-09-17,Thursday,6,13:20,14:10,21MAB302T,Discrete Mathematics,theory,high,III-ECE-B
2026-09-17,Thursday,7,14:10,15:00,21ECC303T,VLSI Design and Technology,theory,high,III-ECE-B
2026-09-17,Thursday,8,15:10,16:00,21CSO355T,Machine learning for all,theory,high,III-ECE-B
2026-09-17,Thursday,9,16:00,16:50,21GNP301L,Community connect,practical,high,III-ECE-B
2026-09-18,Friday,6,13:20,14:10,21ECC303T,VLSI Design and Technology,theory,high,III-ECE-B
2026-09-18,Friday,7,14:10,15:00,21MAB302T,Discrete Mathematics,theory,high,III-ECE-B
2026-09-18,Friday,8,15:10,16:00,21CSO355T,Machine learning for all,theory,high,III-ECE-B
2026-09-18,Friday,9,16:00,16:50,21ECE468T,System and Network on Chip,theory,high,III-ECE-B
2026-09-21,Monday,1,09:00,09:50,21ECC311L,VLSI Design/ Microprocessor Laboratory,lab,high,III-ECE-B
2026-09-21,Monday,2,09:50,10:40,21ECC311L,VLSI Design/ Microprocessor Laboratory,lab,high,III-ECE-B
2026-09-21,Monday,6,13:20,14:10,21CSO355T,Machine learning for all,theory,high,III-ECE-B
2026-09-21,Monday,7,14:10,15:00,21ECC301P,"Microprocessor, Microcontroller, and Interfacing Techniques",theory,high,III-ECE-B
2026-09-21,Monday,8,15:10,16:00,21MAB302T,Discrete Mathematics,theory,high,III-ECE-B
2026-09-21,Monday,9,16:00,16:50,21ECE468T,System and Network on Chip,theory,high,III-ECE-B
2026-09-22,Tuesday,1,09:00,09:50,21PDM301L,Analytical and logical thinking skills,skill,high,III-ECE-B
2026-09-22,Tuesday,2,09:50,10:40,21PDM301L,Analytical and logical thinking skills,skill,high,III-ECE-B
2026-09-22,Tuesday,6,13:20,14:10,21GNP301L,Community connect,practical,high,III-ECE-B
2026-09-22,Tuesday,7,14:10,15:00,21ECC301P,"Microprocessor, Microcontroller, and Interfacing Techniques",theory,high,III-ECE-B
2026-09-22,Tuesday,8,15:10,16:00,21ECE468T,System and Network on Chip,theory,high,III-ECE-B
2026-09-22,Tuesday,9,16:00,16:50,21ECC303T,VLSI Design and Technology,theory,high,III-ECE-B
2026-09-23,Wednesday,1,09:00,09:50,21PDM301L,Analytical and logical thinking skills,skill,high,III-ECE-B
2026-09-23,Wednesday,6,13:20,14:10,21ECC301P,"Microprocessor, Microcontroller, and Interfacing Techniques",project,medium,III-ECE-B
2026-09-23,Wednesday,7,14:10,15:00,21ECC301P,"Microprocessor, Microcontroller, and Interfacing Techniques",theory,high,III-ECE-B
2026-09-23,Wednesday,8,15:10,16:00,21MAB302T,Discrete Mathematics,theory,high,III-ECE-B
2026-09-23,Wednesday,9,16:00,16:50,21LEM301T,Indian Art Form,theory,high,III-ECE-B
2026-09-24,Thursday,1,09:00,09:50,21ECC311L,VLSI Design/ Microprocessor Laboratory,lab,high,III-ECE-B
2026-09-24,Thursday,2,09:50,10:40,21ECC311L,VLSI Design/ Microprocessor Laboratory,lab,high,III-ECE-B
2026-09-24,Thursday,6,13:20,14:10,21MAB302T,Discrete Mathematics,theory,high,III-ECE-B
2026-09-24,Thursday,7,14:10,15:00,21ECC303T,VLSI Design and Technology,theory,high,III-ECE-B
2026-09-24,Thursday,8,15:10,16:00,21CSO355T,Machine learning for all,theory,high,III-ECE-B
2026-09-24,Thursday,9,16:00,16:50,21GNP301L,Community connect,practical,high,III-ECE-B
2026-09-25,Friday,6,13:20,14:10,21ECC303T,VLSI Design and Technology,theory,high,III-ECE-B
2026-09-25,Friday,7,14:10,15:00,21MAB302T,Discrete Mathematics,theory,high,III-ECE-B
2026-09-25,Friday,8,15:10,16:00,21CSO355T,Machine learning for all,theory,high,III-ECE-B
2026-09-25,Friday,9,16:00,16:50,21ECE468T,System and Network on Chip,theory,high,III-ECE-B
2026-09-28,Monday,1,09:00,09:50,21ECC311L,VLSI Design/ Microprocessor Laboratory,lab,high,III-ECE-B
2026-09-28,Monday,2,09:50,10:40,21ECC311L,VLSI Design/ Microprocessor Laboratory,lab,high,III-ECE-B
2026-09-28,Monday,6,13:20,14:10,21CSO355T,Machine learning for all,theory,high,III-ECE-B
2026-09-28,Monday,7,14:10,15:00,21ECC301P,"Microprocessor, Microcontroller, and Interfacing Techniques",theory,high,III-ECE-B
2026-09-28,Monday,8,15:10,16:00,21MAB302T,Discrete Mathematics,theory,high,III-ECE-B
2026-09-28,Monday,9,16:00,16:50,21ECE468T,System and Network on Chip,theory,high,III-ECE-B
2026-09-29,Tuesday,1,09:00,09:50,21PDM301L,Analytical and logical thinking skills,skill,high,III-ECE-B
2026-09-29,Tuesday,2,09:50,10:40,21PDM301L,Analytical and logical thinking skills,skill,high,III-ECE-B
2026-09-29,Tuesday,6,13:20,14:10,21GNP301L,Community connect,practical,high,III-ECE-B
2026-09-29,Tuesday,7,14:10,15:00,21ECC301P,"Microprocessor, Microcontroller, and Interfacing Techniques",theory,high,III-ECE-B
2026-09-29,Tuesday,8,15:10,16:00,21ECE468T,System and Network on Chip,theory,high,III-ECE-B
2026-09-29,Tuesday,9,16:00,16:50,21ECC303T,VLSI Design and Technology,theory,high,III-ECE-B
2026-09-30,Wednesday,1,09:00,09:50,21PDM301L,Analytical and logical thinking skills,skill,high,III-ECE-B
2026-09-30,Wednesday,6,13:20,14:10,21ECC301P,"Microprocessor, Microcontroller, and Interfacing Techniques",project,medium,III-ECE-B
2026-09-30,Wednesday,7,14:10,15:00,21ECC301P,"Microprocessor, Microcontroller, and Interfacing Techniques",theory,high,III-ECE-B
2026-09-30,Wednesday,8,15:10,16:00,21MAB302T,Discrete Mathematics,theory,high,III-ECE-B
2026-09-30,Wednesday,9,16:00,16:50,21LEM301T,Indian Art Form,theory,high,III-ECE-B
2026-10-01,Thursday,1,09:00,09:50,21ECC311L,VLSI Design/ Microprocessor Laboratory,lab,high,III-ECE-B
2026-10-01,Thursday,2,09:50,10:40,21ECC311L,VLSI Design/ Microprocessor Laboratory,lab,high,III-ECE-B
2026-10-01,Thursday,6,13:20,14:10,21MAB302T,Discrete Mathematics,theory,high,III-ECE-B
2026-10-01,Thursday,7,14:10,15:00,21ECC303T,VLSI Design and Technology,theory,high,III-ECE-B
2026-10-01,Thursday,8,15:10,16:00,21CSO355T,Machine learning for all,theory,high,III-ECE-B
2026-10-01,Thursday,9,16:00,16:50,21GNP301L,Community connect,practical,high,III-ECE-B
2026-10-02,Friday,6,13:20,14:10,21ECC303T,VLSI Design and Technology,theory,high,III-ECE-B
2026-10-02,Friday,7,14:10,15:00,21MAB302T,Discrete Mathematics,theory,high,III-ECE-B
2026-10-02,Friday,8,15:10,16:00,21CSO355T,Machine learning for all,theory,high,III-ECE-B
2026-10-02,Friday,9,16:00,16:50,21ECE468T,System and Network on Chip,theory,high,III-ECE-B
2026-10-05,Monday,1,09:00,09:50,21ECC311L,VLSI Design/ Microprocessor Laboratory,lab,high,III-ECE-B
2026-10-05,Monday,2,09:50,10:40,21ECC311L,VLSI Design/ Microprocessor Laboratory,lab,high,III-ECE-B
2026-10-05,Monday,6,13:20,14:10,21CSO355T,Machine learning for all,theory,high,III-ECE-B
2026-10-05,Monday,7,14:10,15:00,21ECC301P,"Microprocessor, Microcontroller, and Interfacing Techniques",theory,high,III-ECE-B
2026-10-05,Monday,8,15:10,16:00,21MAB302T,Discrete Mathematics,theory,high,III-ECE-B
2026-10-05,Monday,9,16:00,16:50,21ECE468T,System and Network on Chip,theory,high,III-ECE-B
2026-10-06,Tuesday,1,09:00,09:50,21PDM301L,Analytical and logical thinking skills,skill,high,III-ECE-B
2026-10-06,Tuesday,2,09:50,10:40,21PDM301L,Analytical and logical thinking skills,skill,high,III-ECE-B
2026-10-06,Tuesday,6,13:20,14:10,21GNP301L,Community connect,practical,high,III-ECE-B
2026-10-06,Tuesday,7,14:10,15:00,21ECC301P,"Microprocessor, Microcontroller, and Interfacing Techniques",theory,high,III-ECE-B
2026-10-06,Tuesday,8,15:10,16:00,21ECE468T,System and Network on Chip,theory,high,III-ECE-B
2026-10-06,Tuesday,9,16:00,16:50,21ECC303T,VLSI Design and Technology,theory,high,III-ECE-B
2026-10-07,Wednesday,1,09:00,09:50,21PDM301L,Analytical and logical thinking skills,skill,high,III-ECE-B
2026-10-07,Wednesday,6,13:20,14:10,21ECC301P,"Microprocessor, Microcontroller, and Interfacing Techniques",project,medium,III-ECE-B
2026-10-07,Wednesday,7,14:10,15:00,21ECC301P,"Microprocessor, Microcontroller, and Interfacing Techniques",theory,high,III-ECE-B
2026-10-07,Wednesday,8,15:10,16:00,21MAB302T,Discrete Mathematics,theory,high,III-ECE-B
2026-10-07,Wednesday,9,16:00,16:50,21LEM301T,Indian Art Form,theory,high,III-ECE-B
2026-10-08,Thursday,1,09:00,09:50,21ECC311L,VLSI Design/ Microprocessor Laboratory,lab,high,III-ECE-B
2026-10-08,Thursday,2,09:50,10:40,21ECC311L,VLSI Design/ Microprocessor Laboratory,lab,high,III-ECE-B
2026-10-08,Thursday,6,13:20,14:10,21MAB302T,Discrete Mathematics,theory,high,III-ECE-B
2026-10-08,Thursday,7,14:10,15:00,21ECC303T,VLSI Design and Technology,theory,high,III-ECE-B
2026-10-08,Thursday,8,15:10,16:00,21CSO355T,Machine learning for all,theory,high,III-ECE-B
2026-10-08,Thursday,9,16:00,16:50,21GNP301L,Community connect,practical,high,III-ECE-B
2026-10-09,Friday,6,13:20,14:10,21ECC303T,VLSI Design and Technology,theory,high,III-ECE-B
2026-10-09,Friday,7,14:10,15:00,21MAB302T,Discrete Mathematics,theory,high,III-ECE-B
2026-10-09,Friday,8,15:10,16:00,21CSO355T,Machine learning for all,theory,high,III-ECE-B
2026-10-09,Friday,9,16:00,16:50,21ECE468T,System and Network on Chip,theory,high,III-ECE-B
2026-10-12,Monday,1,09:00,09:50,21ECC311L,VLSI Design/ Microprocessor Laboratory,lab,high,III-ECE-B
2026-10-12,Monday,2,09:50,10:40,21ECC311L,VLSI Design/ Microprocessor Laboratory,lab,high,III-ECE-B
2026-10-12,Monday,6,13:20,14:10,21CSO355T,Machine learning for all,theory,high,III-ECE-B
2026-10-12,Monday,7,14:10,15:00,21ECC301P,"Microprocessor, Microcontroller, and Interfacing Techniques",theory,high,III-ECE-B
2026-10-12,Monday,8,15:10,16:00,21MAB302T,Discrete Mathematics,theory,high,III-ECE-B
2026-10-12,Monday,9,16:00,16:50,21ECE468T,System and Network on Chip,theory,high,III-ECE-B
2026-10-13,Tuesday,1,09:00,09:50,21PDM301L,Analytical and logical thinking skills,skill,high,III-ECE-B
2026-10-13,Tuesday,2,09:50,10:40,21PDM301L,Analytical and logical thinking skills,skill,high,III-ECE-B
2026-10-13,Tuesday,6,13:20,14:10,21GNP301L,Community connect,practical,high,III-ECE-B
2026-10-13,Tuesday,7,14:10,15:00,21ECC301P,"Microprocessor, Microcontroller, and Interfacing Techniques",theory,high,III-ECE-B
2026-10-13,Tuesday,8,15:10,16:00,21ECE468T,System and Network on Chip,theory,high,III-ECE-B
2026-10-13,Tuesday,9,16:00,16:50,21ECC303T,VLSI Design and Technology,theory,high,III-ECE-B
2026-10-14,Wednesday,1,09:00,09:50,21PDM301L,Analytical and logical thinking skills,skill,high,III-ECE-B
2026-10-14,Wednesday,6,13:20,14:10,21ECC301P,"Microprocessor, Microcontroller, and Interfacing Techniques",project,medium,III-ECE-B
2026-10-14,Wednesday,7,14:10,15:00,21ECC301P,"Microprocessor, Microcontroller, and Interfacing Techniques",theory,high,III-ECE-B
2026-10-14,Wednesday,8,15:10,16:00,21MAB302T,Discrete Mathematics,theory,high,III-ECE-B
2026-10-14,Wednesday,9,16:00,16:50,21LEM301T,Indian Art Form,theory,high,III-ECE-B
2026-10-15,Thursday,1,09:00,09:50,21ECC311L,VLSI Design/ Microprocessor Laboratory,lab,high,III-ECE-B
2026-10-15,Thursday,2,09:50,10:40,21ECC311L,VLSI Design/ Microprocessor Laboratory,lab,high,III-ECE-B
2026-10-15,Thursday,6,13:20,14:10,21MAB302T,Discrete Mathematics,theory,high,III-ECE-B
2026-10-15,Thursday,7,14:10,15:00,21ECC303T,VLSI Design and Technology,theory,high,III-ECE-B
2026-10-15,Thursday,8,15:10,16:00,21CSO355T,Machine learning for all,theory,high,III-ECE-B
2026-10-15,Thursday,9,16:00,16:50,21GNP301L,Community connect,practical,high,III-ECE-B
2026-10-16,Friday,6,13:20,14:10,21ECC303T,VLSI Design and Technology,theory,high,III-ECE-B
2026-10-16,Friday,7,14:10,15:00,21MAB302T,Discrete Mathematics,theory,high,III-ECE-B
2026-10-16,Friday,8,15:10,16:00,21CSO355T,Machine learning for all,theory,high,III-ECE-B
2026-10-16,Friday,9,16:00,16:50,21ECE468T,System and Network on Chip,theory,high,III-ECE-B
2026-10-19,Monday,1,09:00,09:50,21ECC311L,VLSI Design/ Microprocessor Laboratory,lab,high,III-ECE-B
2026-10-19,Monday,2,09:50,10:40,21ECC311L,VLSI Design/ Microprocessor Laboratory,lab,high,III-ECE-B
2026-10-19,Monday,6,13:20,14:10,21CSO355T,Machine learning for all,theory,high,III-ECE-B
2026-10-19,Monday,7,14:10,15:00,21ECC301P,"Microprocessor, Microcontroller, and Interfacing Techniques",theory,high,III-ECE-B
2026-10-19,Monday,8,15:10,16:00,21MAB302T,Discrete Mathematics,theory,high,III-ECE-B
2026-10-19,Monday,9,16:00,16:50,21ECE468T,System and Network on Chip,theory,high,III-ECE-B
2026-10-20,Tuesday,1,09:00,09:50,21PDM301L,Analytical and logical thinking skills,skill,high,III-ECE-B
2026-10-20,Tuesday,2,09:50,10:40,21PDM301L,Analytical and logical thinking skills,skill,high,III-ECE-B
2026-10-20,Tuesday,6,13:20,14:10,21GNP301L,Community connect,practical,high,III-ECE-B
2026-10-20,Tuesday,7,14:10,15:00,21ECC301P,"Microprocessor, Microcontroller, and Interfacing Techniques",theory,high,III-ECE-B
2026-10-20,Tuesday,8,15:10,16:00,21ECE468T,System and Network on Chip,theory,high,III-ECE-B
2026-10-20,Tuesday,9,16:00,16:50,21ECC303T,VLSI Design and Technology,theory,high,III-ECE-B
2026-10-21,Wednesday,1,09:00,09:50,21PDM301L,Analytical and logical thinking skills,skill,high,III-ECE-B
2026-10-21,Wednesday,6,13:20,14:10,21ECC301P,"Microprocessor, Microcontroller, and Interfacing Techniques",project,medium,III-ECE-B
2026-10-21,Wednesday,7,14:10,15:00,21ECC301P,"Microprocessor, Microcontroller, and Interfacing Techniques",theory,high,III-ECE-B
2026-10-21,Wednesday,8,15:10,16:00,21MAB302T,Discrete Mathematics,theory,high,III-ECE-B
2026-10-21,Wednesday,9,16:00,16:50,21LEM301T,Indian Art Form,theory,high,III-ECE-B
2026-10-22,Thursday,1,09:00,09:50,21ECC311L,VLSI Design/ Microprocessor Laboratory,lab,high,III-ECE-B
2026-10-22,Thursday,2,09:50,10:40,21ECC311L,VLSI Design/ Microprocessor Laboratory,lab,high,III-ECE-B
2026-10-22,Thursday,6,13:20,14:10,21MAB302T,Discrete Mathematics,theory,high,III-ECE-B
2026-10-22,Thursday,7,14:10,15:00,21ECC303T,VLSI Design and Technology,theory,high,III-ECE-B
2026-10-22,Thursday,8,15:10,16:00,21CSO355T,Machine learning for all,theory,high,III-ECE-B
2026-10-22,Thursday,9,16:00,16:50,21GNP301L,Community connect,practical,high,III-ECE-B
2026-10-23,Friday,6,13:20,14:10,21ECC303T,VLSI Design and Technology,theory,high,III-ECE-B
2026-10-23,Friday,7,14:10,15:00,21MAB302T,Discrete Mathematics,theory,high,III-ECE-B
2026-10-23,Friday,8,15:10,16:00,21CSO355T,Machine learning for all,theory,high,III-ECE-B
2026-10-23,Friday,9,16:00,16:50,21ECE468T,System and Network on Chip,theory,high,III-ECE-B
2026-10-26,Monday,1,09:00,09:50,21ECC311L,VLSI Design/ Microprocessor Laboratory,lab,high,III-ECE-B
2026-10-26,Monday,2,09:50,10:40,21ECC311L,VLSI Design/ Microprocessor Laboratory,lab,high,III-ECE-B
2026-10-26,Monday,6,13:20,14:10,21CSO355T,Machine learning for all,theory,high,III-ECE-B
2026-10-26,Monday,7,14:10,15:00,21ECC301P,"Microprocessor, Microcontroller, and Interfacing Techniques",theory,high,III-ECE-B
2026-10-26,Monday,8,15:10,16:00,21MAB302T,Discrete Mathematics,theory,high,III-ECE-B
2026-10-26,Monday,9,16:00,16:50,21ECE468T,System and Network on Chip,theory,high,III-ECE-B
2026-10-27,Tuesday,1,09:00,09:50,21PDM301L,Analytical and logical thinking skills,skill,high,III-ECE-B
2026-10-27,Tuesday,2,09:50,10:40,21PDM301L,Analytical and logical thinking skills,skill,high,III-ECE-B
2026-10-27,Tuesday,6,13:20,14:10,21GNP301L,Community connect,practical,high,III-ECE-B
2026-10-27,Tuesday,7,14:10,15:00,21ECC301P,"Microprocessor, Microcontroller, and Interfacing Techniques",theory,high,III-ECE-B
2026-10-27,Tuesday,8,15:10,16:00,21ECE468T,System and Network on Chip,theory,high,III-ECE-B
2026-10-27,Tuesday,9,16:00,16:50,21ECC303T,VLSI Design and Technology,theory,high,III-ECE-B
2026-10-28,Wednesday,1,09:00,09:50,21PDM301L,Analytical and logical thinking skills,skill,high,III-ECE-B
2026-10-28,Wednesday,6,13:20,14:10,21ECC301P,"Microprocessor, Microcontroller, and Interfacing Techniques",project,medium,III-ECE-B
2026-10-28,Wednesday,7,14:10,15:00,21ECC301P,"Microprocessor, Microcontroller, and Interfacing Techniques",theory,high,III-ECE-B
2026-10-28,Wednesday,8,15:10,16:00,21MAB302T,Discrete Mathematics,theory,high,III-ECE-B
2026-10-28,Wednesday,9,16:00,16:50,21LEM301T,Indian Art Form,theory,high,III-ECE-B
2026-10-29,Thursday,1,09:00,09:50,21ECC311L,VLSI Design/ Microprocessor Laboratory,lab,high,III-ECE-B
2026-10-29,Thursday,2,09:50,10:40,21ECC311L,VLSI Design/ Microprocessor Laboratory,lab,high,III-ECE-B
2026-10-29,Thursday,6,13:20,14:10,21MAB302T,Discrete Mathematics,theory,high,III-ECE-B
2026-10-29,Thursday,7,14:10,15:00,21ECC303T,VLSI Design and Technology,theory,high,III-ECE-B
2026-10-29,Thursday,8,15:10,16:00,21CSO355T,Machine learning for all,theory,high,III-ECE-B
2026-10-29,Thursday,9,16:00,16:50,21GNP301L,Community connect,practical,high,III-ECE-B
2026-10-30,Friday,6,13:20,14:10,21ECC303T,VLSI Design and Technology,theory,high,III-ECE-B
2026-10-30,Friday,7,14:10,15:00,21MAB302T,Discrete Mathematics,theory,high,III-ECE-B
2026-10-30,Friday,8,15:10,16:00,21CSO355T,Machine learning for all,theory,high,III-ECE-B
2026-10-30,Friday,9,16:00,16:50,21ECE468T,System and Network on Chip,theory,high,III-ECE-B
2026-11-02,Monday,1,09:00,09:50,21ECC311L,VLSI Design/ Microprocessor Laboratory,lab,high,III-ECE-B
2026-11-02,Monday,2,09:50,10:40,21ECC311L,VLSI Design/ Microprocessor Laboratory,lab,high,III-ECE-B
2026-11-02,Monday,6,13:20,14:10,21CSO355T,Machine learning for all,theory,high,III-ECE-B
2026-11-02,Monday,7,14:10,15:00,21ECC301P,"Microprocessor, Microcontroller, and Interfacing Techniques",theory,high,III-ECE-B
2026-11-02,Monday,8,15:10,16:00,21MAB302T,Discrete Mathematics,theory,high,III-ECE-B
2026-11-02,Monday,9,16:00,16:50,21ECE468T,System and Network on Chip,theory,high,III-ECE-B
2026-11-03,Tuesday,1,09:00,09:50,21PDM301L,Analytical and logical thinking skills,skill,high,III-ECE-B
2026-11-03,Tuesday,2,09:50,10:40,21PDM301L,Analytical and logical thinking skills,skill,high,III-ECE-B
2026-11-03,Tuesday,6,13:20,14:10,21GNP301L,Community connect,practical,high,III-ECE-B
2026-11-03,Tuesday,7,14:10,15:00,21ECC301P,"Microprocessor, Microcontroller, and Interfacing Techniques",theory,high,III-ECE-B
2026-11-03,Tuesday,8,15:10,16:00,21ECE468T,System and Network on Chip,theory,high,III-ECE-B
2026-11-03,Tuesday,9,16:00,16:50,21ECC303T,VLSI Design and Technology,theory,high,III-ECE-B
2026-11-04,Wednesday,1,09:00,09:50,21PDM301L,Analytical and logical thinking skills,skill,high,III-ECE-B
2026-11-04,Wednesday,6,13:20,14:10,21ECC301P,"Microprocessor, Microcontroller, and Interfacing Techniques",project,medium,III-ECE-B
2026-11-04,Wednesday,7,14:10,15:00,21ECC301P,"Microprocessor, Microcontroller, and Interfacing Techniques",theory,high,III-ECE-B
2026-11-04,Wednesday,8,15:10,16:00,21MAB302T,Discrete Mathematics,theory,high,III-ECE-B
2026-11-04,Wednesday,9,16:00,16:50,21LEM301T,Indian Art Form,theory,high,III-ECE-B
2026-11-05,Thursday,1,09:00,09:50,21ECC311L,VLSI Design/ Microprocessor Laboratory,lab,high,III-ECE-B
2026-11-05,Thursday,2,09:50,10:40,21ECC311L,VLSI Design/ Microprocessor Laboratory,lab,high,III-ECE-B
2026-11-05,Thursday,6,13:20,14:10,21MAB302T,Discrete Mathematics,theory,high,III-ECE-B
2026-11-05,Thursday,7,14:10,15:00,21ECC303T,VLSI Design and Technology,theory,high,III-ECE-B
2026-11-05,Thursday,8,15:10,16:00,21CSO355T,Machine learning for all,theory,high,III-ECE-B
2026-11-05,Thursday,9,16:00,16:50,21GNP301L,Community connect,practical,high,III-ECE-B
2026-11-06,Friday,6,13:20,14:10,21ECC303T,VLSI Design and Technology,theory,high,III-ECE-B
2026-11-06,Friday,7,14:10,15:00,21MAB302T,Discrete Mathematics,theory,high,III-ECE-B
2026-11-06,Friday,8,15:10,16:00,21CSO355T,Machine learning for all,theory,high,III-ECE-B
2026-11-06,Friday,9,16:00,16:50,21ECE468T,System and Network on Chip,theory,high,III-ECE-B
2026-11-09,Monday,1,09:00,09:50,21ECC311L,VLSI Design/ Microprocessor Laboratory,lab,high,III-ECE-B
2026-11-09,Monday,2,09:50,10:40,21ECC311L,VLSI Design/ Microprocessor Laboratory,lab,high,III-ECE-B
2026-11-09,Monday,6,13:20,14:10,21CSO355T,Machine learning for all,theory,high,III-ECE-B
2026-11-09,Monday,7,14:10,15:00,21ECC301P,"Microprocessor, Microcontroller, and Interfacing Techniques",theory,high,III-ECE-B
2026-11-09,Monday,8,15:10,16:00,21MAB302T,Discrete Mathematics,theory,high,III-ECE-B
2026-11-09,Monday,9,16:00,16:50,21ECE468T,System and Network on Chip,theory,high,III-ECE-B
2026-11-10,Tuesday,1,09:00,09:50,21PDM301L,Analytical and logical thinking skills,skill,high,III-ECE-B
2026-11-10,Tuesday,2,09:50,10:40,21PDM301L,Analytical and logical thinking skills,skill,high,III-ECE-B
2026-11-10,Tuesday,6,13:20,14:10,21GNP301L,Community connect,practical,high,III-ECE-B
2026-11-10,Tuesday,7,14:10,15:00,21ECC301P,"Microprocessor, Microcontroller, and Interfacing Techniques",theory,high,III-ECE-B
2026-11-10,Tuesday,8,15:10,16:00,21ECE468T,System and Network on Chip,theory,high,III-ECE-B
2026-11-10,Tuesday,9,16:00,16:50,21ECC303T,VLSI Design and Technology,theory,high,III-ECE-B
2026-11-11,Wednesday,1,09:00,09:50,21PDM301L,Analytical and logical thinking skills,skill,high,III-ECE-B
2026-11-11,Wednesday,6,13:20,14:10,21ECC301P,"Microprocessor, Microcontroller, and Interfacing Techniques",project,medium,III-ECE-B
2026-11-11,Wednesday,7,14:10,15:00,21ECC301P,"Microprocessor, Microcontroller, and Interfacing Techniques",theory,high,III-ECE-B
2026-11-11,Wednesday,8,15:10,16:00,21MAB302T,Discrete Mathematics,theory,high,III-ECE-B
2026-11-11,Wednesday,9,16:00,16:50,21LEM301T,Indian Art Form,theory,high,III-ECE-B
2026-11-12,Thursday,1,09:00,09:50,21ECC311L,VLSI Design/ Microprocessor Laboratory,lab,high,III-ECE-B
2026-11-12,Thursday,2,09:50,10:40,21ECC311L,VLSI Design/ Microprocessor Laboratory,lab,high,III-ECE-B
2026-11-12,Thursday,6,13:20,14:10,21MAB302T,Discrete Mathematics,theory,high,III-ECE-B
2026-11-12,Thursday,7,14:10,15:00,21ECC303T,VLSI Design and Technology,theory,high,III-ECE-B
2026-11-12,Thursday,8,15:10,16:00,21CSO355T,Machine learning for all,theory,high,III-ECE-B
2026-11-12,Thursday,9,16:00,16:50,21GNP301L,Community connect,practical,high,III-ECE-B
2026-11-13,Friday,6,13:20,14:10,21ECC303T,VLSI Design and Technology,theory,high,III-ECE-B
2026-11-13,Friday,7,14:10,15:00,21MAB302T,Discrete Mathematics,theory,high,III-ECE-B
2026-11-13,Friday,8,15:10,16:00,21CSO355T,Machine learning for all,theory,high,III-ECE-B
2026-11-13,Friday,9,16:00,16:50,21ECE468T,System and Network on Chip,theory,high,III-ECE-B
2026-11-16,Monday,1,09:00,09:50,21ECC311L,VLSI Design/ Microprocessor Laboratory,lab,high,III-ECE-B
2026-11-16,Monday,2,09:50,10:40,21ECC311L,VLSI Design/ Microprocessor Laboratory,lab,high,III-ECE-B
2026-11-16,Monday,6,13:20,14:10,21CSO355T,Machine learning for all,theory,high,III-ECE-B
2026-11-16,Monday,7,14:10,15:00,21ECC301P,"Microprocessor, Microcontroller, and Interfacing Techniques",theory,high,III-ECE-B
2026-11-16,Monday,8,15:10,16:00,21MAB302T,Discrete Mathematics,theory,high,III-ECE-B
2026-11-16,Monday,9,16:00,16:50,21ECE468T,System and Network on Chip,theory,high,III-ECE-B
2026-11-17,Tuesday,1,09:00,09:50,21PDM301L,Analytical and logical thinking skills,skill,high,III-ECE-B
2026-11-17,Tuesday,2,09:50,10:40,21PDM301L,Analytical and logical thinking skills,skill,high,III-ECE-B
2026-11-17,Tuesday,6,13:20,14:10,21GNP301L,Community connect,practical,high,III-ECE-B
2026-11-17,Tuesday,7,14:10,15:00,21ECC301P,"Microprocessor, Microcontroller, and Interfacing Techniques",theory,high,III-ECE-B
2026-11-17,Tuesday,8,15:10,16:00,21ECE468T,System and Network on Chip,theory,high,III-ECE-B
2026-11-17,Tuesday,9,16:00,16:50,21ECC303T,VLSI Design and Technology,theory,high,III-ECE-B
2026-11-18,Wednesday,1,09:00,09:50,21PDM301L,Analytical and logical thinking skills,skill,high,III-ECE-B
2026-11-18,Wednesday,6,13:20,14:10,21ECC301P,"Microprocessor, Microcontroller, and Interfacing Techniques",project,medium,III-ECE-B
2026-11-18,Wednesday,7,14:10,15:00,21ECC301P,"Microprocessor, Microcontroller, and Interfacing Techniques",theory,high,III-ECE-B
2026-11-18,Wednesday,8,15:10,16:00,21MAB302T,Discrete Mathematics,theory,high,III-ECE-B
2026-11-18,Wednesday,9,16:00,16:50,21LEM301T,Indian Art Form,theory,high,III-ECE-B
2026-11-19,Thursday,1,09:00,09:50,21ECC311L,VLSI Design/ Microprocessor Laboratory,lab,high,III-ECE-B
2026-11-19,Thursday,2,09:50,10:40,21ECC311L,VLSI Design/ Microprocessor Laboratory,lab,high,III-ECE-B
2026-11-19,Thursday,6,13:20,14:10,21MAB302T,Discrete Mathematics,theory,high,III-ECE-B
2026-11-19,Thursday,7,14:10,15:00,21ECC303T,VLSI Design and Technology,theory,high,III-ECE-B
2026-11-19,Thursday,8,15:10,16:00,21CSO355T,Machine learning for all,theory,high,III-ECE-B
2026-11-19,Thursday,9,16:00,16:50,21GNP301L,Community connect,practical,high,III-ECE-B
2026-11-20,Friday,6,13:20,14:10,21ECC303T,VLSI Design and Technology,theory,high,III-ECE-B
2026-11-20,Friday,7,14:10,15:00,21MAB302T,Discrete Mathematics,theory,high,III-ECE-B
2026-11-20,Friday,8,15:10,16:00,21CSO355T,Machine learning for all,theory,high,III-ECE-B
2026-11-20,Friday,9,16:00,16:50,21ECE468T,System and Network on Chip,theory,high,III-ECE-B
2026-11-23,Monday,1,09:00,09:50,21ECC311L,VLSI Design/ Microprocessor Laboratory,lab,high,III-ECE-B
2026-11-23,Monday,2,09:50,10:40,21ECC311L,VLSI Design/ Microprocessor Laboratory,lab,high,III-ECE-B
2026-11-23,Monday,6,13:20,14:10,21CSO355T,Machine learning for all,theory,high,III-ECE-B
2026-11-23,Monday,7,14:10,15:00,21ECC301P,"Microprocessor, Microcontroller, and Interfacing Techniques",theory,high,III-ECE-B
2026-11-23,Monday,8,15:10,16:00,21MAB302T,Discrete Mathematics,theory,high,III-ECE-B
2026-11-23,Monday,9,16:00,16:50,21ECE468T,System and Network on Chip,theory,high,III-ECE-B
2026-11-24,Tuesday,1,09:00,09:50,21PDM301L,Analytical and logical thinking skills,skill,high,III-ECE-B
2026-11-24,Tuesday,2,09:50,10:40,21PDM301L,Analytical and logical thinking skills,skill,high,III-ECE-B
2026-11-24,Tuesday,6,13:20,14:10,21GNP301L,Community connect,practical,high,III-ECE-B
2026-11-24,Tuesday,7,14:10,15:00,21ECC301P,"Microprocessor, Microcontroller, and Interfacing Techniques",theory,high,III-ECE-B
2026-11-24,Tuesday,8,15:10,16:00,21ECE468T,System and Network on Chip,theory,high,III-ECE-B
2026-11-24,Tuesday,9,16:00,16:50,21ECC303T,VLSI Design and Technology,theory,high,III-ECE-B
2026-11-25,Wednesday,1,09:00,09:50,21PDM301L,Analytical and logical thinking skills,skill,high,III-ECE-B
2026-11-25,Wednesday,6,13:20,14:10,21ECC301P,"Microprocessor, Microcontroller, and Interfacing Techniques",project,medium,III-ECE-B
2026-11-25,Wednesday,7,14:10,15:00,21ECC301P,"Microprocessor, Microcontroller, and Interfacing Techniques",theory,high,III-ECE-B
2026-11-25,Wednesday,8,15:10,16:00,21MAB302T,Discrete Mathematics,theory,high,III-ECE-B
2026-11-25,Wednesday,9,16:00,16:50,21LEM301T,Indian Art Form,theory,high,III-ECE-B
2026-11-26,Thursday,1,09:00,09:50,21ECC311L,VLSI Design/ Microprocessor Laboratory,lab,high,III-ECE-B
2026-11-26,Thursday,2,09:50,10:40,21ECC311L,VLSI Design/ Microprocessor Laboratory,lab,high,III-ECE-B
2026-11-26,Thursday,6,13:20,14:10,21MAB302T,Discrete Mathematics,theory,high,III-ECE-B
2026-11-26,Thursday,7,14:10,15:00,21ECC303T,VLSI Design and Technology,theory,high,III-ECE-B
2026-11-26,Thursday,8,15:10,16:00,21CSO355T,Machine learning for all,theory,high,III-ECE-B
2026-11-26,Thursday,9,16:00,16:50,21GNP301L,Community connect,practical,high,III-ECE-B
2026-11-27,Friday,6,13:20,14:10,21ECC303T,VLSI Design and Technology,theory,high,III-ECE-B
2026-11-27,Friday,7,14:10,15:00,21MAB302T,Discrete Mathematics,theory,high,III-ECE-B
2026-11-27,Friday,8,15:10,16:00,21CSO355T,Machine learning for all,theory,high,III-ECE-B
2026-11-27,Friday,9,16:00,16:50,21ECE468T,System and Network on Chip,theory,high,III-ECE-B
2026-08-31,Monday,1,09:00,09:50,21ECE371T,Database Design and Management,theory,high,III-ECE-DS
2026-08-31,Monday,2,09:50,10:40,21ECC301P,"Microprocessor, Microcontroller, and Interfacing Techniques",theory,high,III-ECE-DS
2026-08-31,Monday,3,10:50,11:40,21ECC303T,VLSI Design and Technology,theory,high,III-ECE-DS
2026-08-31,Monday,4,11:40,12:30,21MAB302T,Discrete Mathematics,theory,high,III-ECE-DS
2026-09-01,Tuesday,1,09:00,09:50,21ECC303T,VLSI Design and Technology,theory,high,III-ECE-DS
2026-09-01,Tuesday,2,09:50,10:40,21ECC301P,"Microprocessor, Microcontroller, and Interfacing Techniques",theory,high,III-ECE-DS
2026-09-01,Tuesday,3,10:50,11:40,21CSO355T,Machine learning for all,theory,high,III-ECE-DS
2026-09-01,Tuesday,4,11:40,12:30,21GNP301L,Community connect,practical,high,III-ECE-DS
2026-09-01,Tuesday,6,13:20,14:10,21ECC311L,VLSI Design/ Microprocessor Laboratory,lab,high,III-ECE-DS
2026-09-01,Tuesday,7,14:10,15:00,21ECC311L,VLSI Design/ Microprocessor Laboratory,lab,high,III-ECE-DS
2026-09-02,Wednesday,1,09:00,09:50,21LEM301T,Indian Art Form,theory,high,III-ECE-DS
2026-09-02,Wednesday,2,09:50,10:40,21ECC301P,"Microprocessor, Microcontroller, and Interfacing Techniques",theory,high,III-ECE-DS
2026-09-02,Wednesday,3,10:50,11:40,21MAB302T,Discrete Mathematics,theory,high,III-ECE-DS
2026-09-02,Wednesday,4,11:40,12:30,21ECC303T,VLSI Design and Technology,theory,high,III-ECE-DS
2026-09-02,Wednesday,8,15:10,16:00,21PDM301L,Analytical and logical thinking skills,skill,high,III-ECE-DS
2026-09-02,Wednesday,9,16:00,16:50,21PDM301L,Analytical and logical thinking skills,skill,high,III-ECE-DS
2026-09-03,Thursday,1,09:00,09:50,21MAB302T,Discrete Mathematics,theory,high,III-ECE-DS
2026-09-03,Thursday,2,09:50,10:40,21CSO355T,Machine learning for all,theory,high,III-ECE-DS
2026-09-03,Thursday,3,10:50,11:40,21ECE371T,Database Design and Management,theory,high,III-ECE-DS
2026-09-03,Thursday,4,11:40,12:30,21GNP301L,Community connect,practical,high,III-ECE-DS
2026-09-04,Friday,1,09:00,09:50,21CSO355T,Machine learning for all,theory,high,III-ECE-DS
2026-09-04,Friday,2,09:50,10:40,21MAB302T,Discrete Mathematics,theory,high,III-ECE-DS
2026-09-04,Friday,3,10:50,11:40,21ECE371T,Database Design and Management,theory,high,III-ECE-DS
2026-09-04,Friday,4,11:40,12:30,21ECC301P,"Microprocessor, Microcontroller, and Interfacing Techniques",project,medium,III-ECE-DS
2026-09-04,Friday,6,13:20,14:10,21PDM301L,Analytical and logical thinking skills,skill,high,III-ECE-DS
2026-09-04,Friday,8,15:10,16:00,21ECC311L,VLSI Design/ Microprocessor Laboratory,lab,high,III-ECE-DS
2026-09-04,Friday,9,16:00,16:50,21ECC311L,VLSI Design/ Microprocessor Laboratory,lab,high,III-ECE-DS
2026-09-07,Monday,1,09:00,09:50,21ECE371T,Database Design and Management,theory,high,III-ECE-DS
2026-09-07,Monday,2,09:50,10:40,21ECC301P,"Microprocessor, Microcontroller, and Interfacing Techniques",theory,high,III-ECE-DS
2026-09-07,Monday,3,10:50,11:40,21ECC303T,VLSI Design and Technology,theory,high,III-ECE-DS
2026-09-07,Monday,4,11:40,12:30,21MAB302T,Discrete Mathematics,theory,high,III-ECE-DS
2026-09-08,Tuesday,1,09:00,09:50,21ECC303T,VLSI Design and Technology,theory,high,III-ECE-DS
2026-09-08,Tuesday,2,09:50,10:40,21ECC301P,"Microprocessor, Microcontroller, and Interfacing Techniques",theory,high,III-ECE-DS
2026-09-08,Tuesday,3,10:50,11:40,21CSO355T,Machine learning for all,theory,high,III-ECE-DS
2026-09-08,Tuesday,4,11:40,12:30,21GNP301L,Community connect,practical,high,III-ECE-DS
2026-09-08,Tuesday,6,13:20,14:10,21ECC311L,VLSI Design/ Microprocessor Laboratory,lab,high,III-ECE-DS
2026-09-08,Tuesday,7,14:10,15:00,21ECC311L,VLSI Design/ Microprocessor Laboratory,lab,high,III-ECE-DS
2026-09-09,Wednesday,1,09:00,09:50,21LEM301T,Indian Art Form,theory,high,III-ECE-DS
2026-09-09,Wednesday,2,09:50,10:40,21ECC301P,"Microprocessor, Microcontroller, and Interfacing Techniques",theory,high,III-ECE-DS
2026-09-09,Wednesday,3,10:50,11:40,21MAB302T,Discrete Mathematics,theory,high,III-ECE-DS
2026-09-09,Wednesday,4,11:40,12:30,21ECC303T,VLSI Design and Technology,theory,high,III-ECE-DS
2026-09-09,Wednesday,8,15:10,16:00,21PDM301L,Analytical and logical thinking skills,skill,high,III-ECE-DS
2026-09-09,Wednesday,9,16:00,16:50,21PDM301L,Analytical and logical thinking skills,skill,high,III-ECE-DS
2026-09-10,Thursday,1,09:00,09:50,21MAB302T,Discrete Mathematics,theory,high,III-ECE-DS
2026-09-10,Thursday,2,09:50,10:40,21CSO355T,Machine learning for all,theory,high,III-ECE-DS
2026-09-10,Thursday,3,10:50,11:40,21ECE371T,Database Design and Management,theory,high,III-ECE-DS
2026-09-10,Thursday,4,11:40,12:30,21GNP301L,Community connect,practical,high,III-ECE-DS
2026-09-11,Friday,1,09:00,09:50,21CSO355T,Machine learning for all,theory,high,III-ECE-DS
2026-09-11,Friday,2,09:50,10:40,21MAB302T,Discrete Mathematics,theory,high,III-ECE-DS
2026-09-11,Friday,3,10:50,11:40,21ECE371T,Database Design and Management,theory,high,III-ECE-DS
2026-09-11,Friday,4,11:40,12:30,21ECC301P,"Microprocessor, Microcontroller, and Interfacing Techniques",project,medium,III-ECE-DS
2026-09-11,Friday,6,13:20,14:10,21PDM301L,Analytical and logical thinking skills,skill,high,III-ECE-DS
2026-09-11,Friday,8,15:10,16:00,21ECC311L,VLSI Design/ Microprocessor Laboratory,lab,high,III-ECE-DS
2026-09-11,Friday,9,16:00,16:50,21ECC311L,VLSI Design/ Microprocessor Laboratory,lab,high,III-ECE-DS
2026-09-14,Monday,1,09:00,09:50,21ECE371T,Database Design and Management,theory,high,III-ECE-DS
2026-09-14,Monday,2,09:50,10:40,21ECC301P,"Microprocessor, Microcontroller, and Interfacing Techniques",theory,high,III-ECE-DS
2026-09-14,Monday,3,10:50,11:40,21ECC303T,VLSI Design and Technology,theory,high,III-ECE-DS
2026-09-14,Monday,4,11:40,12:30,21MAB302T,Discrete Mathematics,theory,high,III-ECE-DS
2026-09-15,Tuesday,1,09:00,09:50,21ECC303T,VLSI Design and Technology,theory,high,III-ECE-DS
2026-09-15,Tuesday,2,09:50,10:40,21ECC301P,"Microprocessor, Microcontroller, and Interfacing Techniques",theory,high,III-ECE-DS
2026-09-15,Tuesday,3,10:50,11:40,21CSO355T,Machine learning for all,theory,high,III-ECE-DS
2026-09-15,Tuesday,4,11:40,12:30,21GNP301L,Community connect,practical,high,III-ECE-DS
2026-09-15,Tuesday,6,13:20,14:10,21ECC311L,VLSI Design/ Microprocessor Laboratory,lab,high,III-ECE-DS
2026-09-15,Tuesday,7,14:10,15:00,21ECC311L,VLSI Design/ Microprocessor Laboratory,lab,high,III-ECE-DS
2026-09-16,Wednesday,1,09:00,09:50,21LEM301T,Indian Art Form,theory,high,III-ECE-DS
2026-09-16,Wednesday,2,09:50,10:40,21ECC301P,"Microprocessor, Microcontroller, and Interfacing Techniques",theory,high,III-ECE-DS
2026-09-16,Wednesday,3,10:50,11:40,21MAB302T,Discrete Mathematics,theory,high,III-ECE-DS
2026-09-16,Wednesday,4,11:40,12:30,21ECC303T,VLSI Design and Technology,theory,high,III-ECE-DS
2026-09-16,Wednesday,8,15:10,16:00,21PDM301L,Analytical and logical thinking skills,skill,high,III-ECE-DS
2026-09-16,Wednesday,9,16:00,16:50,21PDM301L,Analytical and logical thinking skills,skill,high,III-ECE-DS
2026-09-17,Thursday,1,09:00,09:50,21MAB302T,Discrete Mathematics,theory,high,III-ECE-DS
2026-09-17,Thursday,2,09:50,10:40,21CSO355T,Machine learning for all,theory,high,III-ECE-DS
2026-09-17,Thursday,3,10:50,11:40,21ECE371T,Database Design and Management,theory,high,III-ECE-DS
2026-09-17,Thursday,4,11:40,12:30,21GNP301L,Community connect,practical,high,III-ECE-DS
2026-09-18,Friday,1,09:00,09:50,21CSO355T,Machine learning for all,theory,high,III-ECE-DS
2026-09-18,Friday,2,09:50,10:40,21MAB302T,Discrete Mathematics,theory,high,III-ECE-DS
2026-09-18,Friday,3,10:50,11:40,21ECE371T,Database Design and Management,theory,high,III-ECE-DS
2026-09-18,Friday,4,11:40,12:30,21ECC301P,"Microprocessor, Microcontroller, and Interfacing Techniques",project,medium,III-ECE-DS
2026-09-18,Friday,6,13:20,14:10,21PDM301L,Analytical and logical thinking skills,skill,high,III-ECE-DS
2026-09-18,Friday,8,15:10,16:00,21ECC311L,VLSI Design/ Microprocessor Laboratory,lab,high,III-ECE-DS
2026-09-18,Friday,9,16:00,16:50,21ECC311L,VLSI Design/ Microprocessor Laboratory,lab,high,III-ECE-DS
2026-09-21,Monday,1,09:00,09:50,21ECE371T,Database Design and Management,theory,high,III-ECE-DS
2026-09-21,Monday,2,09:50,10:40,21ECC301P,"Microprocessor, Microcontroller, and Interfacing Techniques",theory,high,III-ECE-DS
2026-09-21,Monday,3,10:50,11:40,21ECC303T,VLSI Design and Technology,theory,high,III-ECE-DS
2026-09-21,Monday,4,11:40,12:30,21MAB302T,Discrete Mathematics,theory,high,III-ECE-DS
2026-09-22,Tuesday,1,09:00,09:50,21ECC303T,VLSI Design and Technology,theory,high,III-ECE-DS
2026-09-22,Tuesday,2,09:50,10:40,21ECC301P,"Microprocessor, Microcontroller, and Interfacing Techniques",theory,high,III-ECE-DS
2026-09-22,Tuesday,3,10:50,11:40,21CSO355T,Machine learning for all,theory,high,III-ECE-DS
2026-09-22,Tuesday,4,11:40,12:30,21GNP301L,Community connect,practical,high,III-ECE-DS
2026-09-22,Tuesday,6,13:20,14:10,21ECC311L,VLSI Design/ Microprocessor Laboratory,lab,high,III-ECE-DS
2026-09-22,Tuesday,7,14:10,15:00,21ECC311L,VLSI Design/ Microprocessor Laboratory,lab,high,III-ECE-DS
2026-09-23,Wednesday,1,09:00,09:50,21LEM301T,Indian Art Form,theory,high,III-ECE-DS
2026-09-23,Wednesday,2,09:50,10:40,21ECC301P,"Microprocessor, Microcontroller, and Interfacing Techniques",theory,high,III-ECE-DS
2026-09-23,Wednesday,3,10:50,11:40,21MAB302T,Discrete Mathematics,theory,high,III-ECE-DS
2026-09-23,Wednesday,4,11:40,12:30,21ECC303T,VLSI Design and Technology,theory,high,III-ECE-DS
2026-09-23,Wednesday,8,15:10,16:00,21PDM301L,Analytical and logical thinking skills,skill,high,III-ECE-DS
2026-09-23,Wednesday,9,16:00,16:50,21PDM301L,Analytical and logical thinking skills,skill,high,III-ECE-DS
2026-09-24,Thursday,1,09:00,09:50,21MAB302T,Discrete Mathematics,theory,high,III-ECE-DS
2026-09-24,Thursday,2,09:50,10:40,21CSO355T,Machine learning for all,theory,high,III-ECE-DS
2026-09-24,Thursday,3,10:50,11:40,21ECE371T,Database Design and Management,theory,high,III-ECE-DS
2026-09-24,Thursday,4,11:40,12:30,21GNP301L,Community connect,practical,high,III-ECE-DS
2026-09-25,Friday,1,09:00,09:50,21CSO355T,Machine learning for all,theory,high,III-ECE-DS
2026-09-25,Friday,2,09:50,10:40,21MAB302T,Discrete Mathematics,theory,high,III-ECE-DS
2026-09-25,Friday,3,10:50,11:40,21ECE371T,Database Design and Management,theory,high,III-ECE-DS
2026-09-25,Friday,4,11:40,12:30,21ECC301P,"Microprocessor, Microcontroller, and Interfacing Techniques",project,medium,III-ECE-DS
2026-09-25,Friday,6,13:20,14:10,21PDM301L,Analytical and logical thinking skills,skill,high,III-ECE-DS
2026-09-25,Friday,8,15:10,16:00,21ECC311L,VLSI Design/ Microprocessor Laboratory,lab,high,III-ECE-DS
2026-09-25,Friday,9,16:00,16:50,21ECC311L,VLSI Design/ Microprocessor Laboratory,lab,high,III-ECE-DS
2026-09-28,Monday,1,09:00,09:50,21ECE371T,Database Design and Management,theory,high,III-ECE-DS
2026-09-28,Monday,2,09:50,10:40,21ECC301P,"Microprocessor, Microcontroller, and Interfacing Techniques",theory,high,III-ECE-DS
2026-09-28,Monday,3,10:50,11:40,21ECC303T,VLSI Design and Technology,theory,high,III-ECE-DS
2026-09-28,Monday,4,11:40,12:30,21MAB302T,Discrete Mathematics,theory,high,III-ECE-DS
2026-09-29,Tuesday,1,09:00,09:50,21ECC303T,VLSI Design and Technology,theory,high,III-ECE-DS
2026-09-29,Tuesday,2,09:50,10:40,21ECC301P,"Microprocessor, Microcontroller, and Interfacing Techniques",theory,high,III-ECE-DS
2026-09-29,Tuesday,3,10:50,11:40,21CSO355T,Machine learning for all,theory,high,III-ECE-DS
2026-09-29,Tuesday,4,11:40,12:30,21GNP301L,Community connect,practical,high,III-ECE-DS
2026-09-29,Tuesday,6,13:20,14:10,21ECC311L,VLSI Design/ Microprocessor Laboratory,lab,high,III-ECE-DS
2026-09-29,Tuesday,7,14:10,15:00,21ECC311L,VLSI Design/ Microprocessor Laboratory,lab,high,III-ECE-DS
2026-09-30,Wednesday,1,09:00,09:50,21LEM301T,Indian Art Form,theory,high,III-ECE-DS
2026-09-30,Wednesday,2,09:50,10:40,21ECC301P,"Microprocessor, Microcontroller, and Interfacing Techniques",theory,high,III-ECE-DS
2026-09-30,Wednesday,3,10:50,11:40,21MAB302T,Discrete Mathematics,theory,high,III-ECE-DS
2026-09-30,Wednesday,4,11:40,12:30,21ECC303T,VLSI Design and Technology,theory,high,III-ECE-DS
2026-09-30,Wednesday,8,15:10,16:00,21PDM301L,Analytical and logical thinking skills,skill,high,III-ECE-DS
2026-09-30,Wednesday,9,16:00,16:50,21PDM301L,Analytical and logical thinking skills,skill,high,III-ECE-DS
2026-10-01,Thursday,1,09:00,09:50,21MAB302T,Discrete Mathematics,theory,high,III-ECE-DS
2026-10-01,Thursday,2,09:50,10:40,21CSO355T,Machine learning for all,theory,high,III-ECE-DS
2026-10-01,Thursday,3,10:50,11:40,21ECE371T,Database Design and Management,theory,high,III-ECE-DS
2026-10-01,Thursday,4,11:40,12:30,21GNP301L,Community connect,practical,high,III-ECE-DS
2026-10-02,Friday,1,09:00,09:50,21CSO355T,Machine learning for all,theory,high,III-ECE-DS
2026-10-02,Friday,2,09:50,10:40,21MAB302T,Discrete Mathematics,theory,high,III-ECE-DS
2026-10-02,Friday,3,10:50,11:40,21ECE371T,Database Design and Management,theory,high,III-ECE-DS
2026-10-02,Friday,4,11:40,12:30,21ECC301P,"Microprocessor, Microcontroller, and Interfacing Techniques",project,medium,III-ECE-DS
2026-10-02,Friday,6,13:20,14:10,21PDM301L,Analytical and logical thinking skills,skill,high,III-ECE-DS
2026-10-02,Friday,8,15:10,16:00,21ECC311L,VLSI Design/ Microprocessor Laboratory,lab,high,III-ECE-DS
2026-10-02,Friday,9,16:00,16:50,21ECC311L,VLSI Design/ Microprocessor Laboratory,lab,high,III-ECE-DS
2026-10-05,Monday,1,09:00,09:50,21ECE371T,Database Design and Management,theory,high,III-ECE-DS
2026-10-05,Monday,2,09:50,10:40,21ECC301P,"Microprocessor, Microcontroller, and Interfacing Techniques",theory,high,III-ECE-DS
2026-10-05,Monday,3,10:50,11:40,21ECC303T,VLSI Design and Technology,theory,high,III-ECE-DS
2026-10-05,Monday,4,11:40,12:30,21MAB302T,Discrete Mathematics,theory,high,III-ECE-DS
2026-10-06,Tuesday,1,09:00,09:50,21ECC303T,VLSI Design and Technology,theory,high,III-ECE-DS
2026-10-06,Tuesday,2,09:50,10:40,21ECC301P,"Microprocessor, Microcontroller, and Interfacing Techniques",theory,high,III-ECE-DS
2026-10-06,Tuesday,3,10:50,11:40,21CSO355T,Machine learning for all,theory,high,III-ECE-DS
2026-10-06,Tuesday,4,11:40,12:30,21GNP301L,Community connect,practical,high,III-ECE-DS
2026-10-06,Tuesday,6,13:20,14:10,21ECC311L,VLSI Design/ Microprocessor Laboratory,lab,high,III-ECE-DS
2026-10-06,Tuesday,7,14:10,15:00,21ECC311L,VLSI Design/ Microprocessor Laboratory,lab,high,III-ECE-DS
2026-10-07,Wednesday,1,09:00,09:50,21LEM301T,Indian Art Form,theory,high,III-ECE-DS
2026-10-07,Wednesday,2,09:50,10:40,21ECC301P,"Microprocessor, Microcontroller, and Interfacing Techniques",theory,high,III-ECE-DS
2026-10-07,Wednesday,3,10:50,11:40,21MAB302T,Discrete Mathematics,theory,high,III-ECE-DS
2026-10-07,Wednesday,4,11:40,12:30,21ECC303T,VLSI Design and Technology,theory,high,III-ECE-DS
2026-10-07,Wednesday,8,15:10,16:00,21PDM301L,Analytical and logical thinking skills,skill,high,III-ECE-DS
2026-10-07,Wednesday,9,16:00,16:50,21PDM301L,Analytical and logical thinking skills,skill,high,III-ECE-DS
2026-10-08,Thursday,1,09:00,09:50,21MAB302T,Discrete Mathematics,theory,high,III-ECE-DS
2026-10-08,Thursday,2,09:50,10:40,21CSO355T,Machine learning for all,theory,high,III-ECE-DS
2026-10-08,Thursday,3,10:50,11:40,21ECE371T,Database Design and Management,theory,high,III-ECE-DS
2026-10-08,Thursday,4,11:40,12:30,21GNP301L,Community connect,practical,high,III-ECE-DS
2026-10-09,Friday,1,09:00,09:50,21CSO355T,Machine learning for all,theory,high,III-ECE-DS
2026-10-09,Friday,2,09:50,10:40,21MAB302T,Discrete Mathematics,theory,high,III-ECE-DS
2026-10-09,Friday,3,10:50,11:40,21ECE371T,Database Design and Management,theory,high,III-ECE-DS
2026-10-09,Friday,4,11:40,12:30,21ECC301P,"Microprocessor, Microcontroller, and Interfacing Techniques",project,medium,III-ECE-DS
2026-10-09,Friday,6,13:20,14:10,21PDM301L,Analytical and logical thinking skills,skill,high,III-ECE-DS
2026-10-09,Friday,8,15:10,16:00,21ECC311L,VLSI Design/ Microprocessor Laboratory,lab,high,III-ECE-DS
2026-10-09,Friday,9,16:00,16:50,21ECC311L,VLSI Design/ Microprocessor Laboratory,lab,high,III-ECE-DS
2026-10-12,Monday,1,09:00,09:50,21ECE371T,Database Design and Management,theory,high,III-ECE-DS
2026-10-12,Monday,2,09:50,10:40,21ECC301P,"Microprocessor, Microcontroller, and Interfacing Techniques",theory,high,III-ECE-DS
2026-10-12,Monday,3,10:50,11:40,21ECC303T,VLSI Design and Technology,theory,high,III-ECE-DS
2026-10-12,Monday,4,11:40,12:30,21MAB302T,Discrete Mathematics,theory,high,III-ECE-DS
2026-10-13,Tuesday,1,09:00,09:50,21ECC303T,VLSI Design and Technology,theory,high,III-ECE-DS
2026-10-13,Tuesday,2,09:50,10:40,21ECC301P,"Microprocessor, Microcontroller, and Interfacing Techniques",theory,high,III-ECE-DS
2026-10-13,Tuesday,3,10:50,11:40,21CSO355T,Machine learning for all,theory,high,III-ECE-DS
2026-10-13,Tuesday,4,11:40,12:30,21GNP301L,Community connect,practical,high,III-ECE-DS
2026-10-13,Tuesday,6,13:20,14:10,21ECC311L,VLSI Design/ Microprocessor Laboratory,lab,high,III-ECE-DS
2026-10-13,Tuesday,7,14:10,15:00,21ECC311L,VLSI Design/ Microprocessor Laboratory,lab,high,III-ECE-DS
2026-10-14,Wednesday,1,09:00,09:50,21LEM301T,Indian Art Form,theory,high,III-ECE-DS
2026-10-14,Wednesday,2,09:50,10:40,21ECC301P,"Microprocessor, Microcontroller, and Interfacing Techniques",theory,high,III-ECE-DS
2026-10-14,Wednesday,3,10:50,11:40,21MAB302T,Discrete Mathematics,theory,high,III-ECE-DS
2026-10-14,Wednesday,4,11:40,12:30,21ECC303T,VLSI Design and Technology,theory,high,III-ECE-DS
2026-10-14,Wednesday,8,15:10,16:00,21PDM301L,Analytical and logical thinking skills,skill,high,III-ECE-DS
2026-10-14,Wednesday,9,16:00,16:50,21PDM301L,Analytical and logical thinking skills,skill,high,III-ECE-DS
2026-10-15,Thursday,1,09:00,09:50,21MAB302T,Discrete Mathematics,theory,high,III-ECE-DS
2026-10-15,Thursday,2,09:50,10:40,21CSO355T,Machine learning for all,theory,high,III-ECE-DS
2026-10-15,Thursday,3,10:50,11:40,21ECE371T,Database Design and Management,theory,high,III-ECE-DS
2026-10-15,Thursday,4,11:40,12:30,21GNP301L,Community connect,practical,high,III-ECE-DS
2026-10-16,Friday,1,09:00,09:50,21CSO355T,Machine learning for all,theory,high,III-ECE-DS
2026-10-16,Friday,2,09:50,10:40,21MAB302T,Discrete Mathematics,theory,high,III-ECE-DS
2026-10-16,Friday,3,10:50,11:40,21ECE371T,Database Design and Management,theory,high,III-ECE-DS
2026-10-16,Friday,4,11:40,12:30,21ECC301P,"Microprocessor, Microcontroller, and Interfacing Techniques",project,medium,III-ECE-DS
2026-10-16,Friday,6,13:20,14:10,21PDM301L,Analytical and logical thinking skills,skill,high,III-ECE-DS
2026-10-16,Friday,8,15:10,16:00,21ECC311L,VLSI Design/ Microprocessor Laboratory,lab,high,III-ECE-DS
2026-10-16,Friday,9,16:00,16:50,21ECC311L,VLSI Design/ Microprocessor Laboratory,lab,high,III-ECE-DS
2026-10-19,Monday,1,09:00,09:50,21ECE371T,Database Design and Management,theory,high,III-ECE-DS
2026-10-19,Monday,2,09:50,10:40,21ECC301P,"Microprocessor, Microcontroller, and Interfacing Techniques",theory,high,III-ECE-DS
2026-10-19,Monday,3,10:50,11:40,21ECC303T,VLSI Design and Technology,theory,high,III-ECE-DS
2026-10-19,Monday,4,11:40,12:30,21MAB302T,Discrete Mathematics,theory,high,III-ECE-DS
2026-10-20,Tuesday,1,09:00,09:50,21ECC303T,VLSI Design and Technology,theory,high,III-ECE-DS
2026-10-20,Tuesday,2,09:50,10:40,21ECC301P,"Microprocessor, Microcontroller, and Interfacing Techniques",theory,high,III-ECE-DS
2026-10-20,Tuesday,3,10:50,11:40,21CSO355T,Machine learning for all,theory,high,III-ECE-DS
2026-10-20,Tuesday,4,11:40,12:30,21GNP301L,Community connect,practical,high,III-ECE-DS
2026-10-20,Tuesday,6,13:20,14:10,21ECC311L,VLSI Design/ Microprocessor Laboratory,lab,high,III-ECE-DS
2026-10-20,Tuesday,7,14:10,15:00,21ECC311L,VLSI Design/ Microprocessor Laboratory,lab,high,III-ECE-DS
2026-10-21,Wednesday,1,09:00,09:50,21LEM301T,Indian Art Form,theory,high,III-ECE-DS
2026-10-21,Wednesday,2,09:50,10:40,21ECC301P,"Microprocessor, Microcontroller, and Interfacing Techniques",theory,high,III-ECE-DS
2026-10-21,Wednesday,3,10:50,11:40,21MAB302T,Discrete Mathematics,theory,high,III-ECE-DS
2026-10-21,Wednesday,4,11:40,12:30,21ECC303T,VLSI Design and Technology,theory,high,III-ECE-DS
2026-10-21,Wednesday,8,15:10,16:00,21PDM301L,Analytical and logical thinking skills,skill,high,III-ECE-DS
2026-10-21,Wednesday,9,16:00,16:50,21PDM301L,Analytical and logical thinking skills,skill,high,III-ECE-DS
2026-10-22,Thursday,1,09:00,09:50,21MAB302T,Discrete Mathematics,theory,high,III-ECE-DS
2026-10-22,Thursday,2,09:50,10:40,21CSO355T,Machine learning for all,theory,high,III-ECE-DS
2026-10-22,Thursday,3,10:50,11:40,21ECE371T,Database Design and Management,theory,high,III-ECE-DS
2026-10-22,Thursday,4,11:40,12:30,21GNP301L,Community connect,practical,high,III-ECE-DS
2026-10-23,Friday,1,09:00,09:50,21CSO355T,Machine learning for all,theory,high,III-ECE-DS
2026-10-23,Friday,2,09:50,10:40,21MAB302T,Discrete Mathematics,theory,high,III-ECE-DS
2026-10-23,Friday,3,10:50,11:40,21ECE371T,Database Design and Management,theory,high,III-ECE-DS
2026-10-23,Friday,4,11:40,12:30,21ECC301P,"Microprocessor, Microcontroller, and Interfacing Techniques",project,medium,III-ECE-DS
2026-10-23,Friday,6,13:20,14:10,21PDM301L,Analytical and logical thinking skills,skill,high,III-ECE-DS
2026-10-23,Friday,8,15:10,16:00,21ECC311L,VLSI Design/ Microprocessor Laboratory,lab,high,III-ECE-DS
2026-10-23,Friday,9,16:00,16:50,21ECC311L,VLSI Design/ Microprocessor Laboratory,lab,high,III-ECE-DS
2026-10-26,Monday,1,09:00,09:50,21ECE371T,Database Design and Management,theory,high,III-ECE-DS
2026-10-26,Monday,2,09:50,10:40,21ECC301P,"Microprocessor, Microcontroller, and Interfacing Techniques",theory,high,III-ECE-DS
2026-10-26,Monday,3,10:50,11:40,21ECC303T,VLSI Design and Technology,theory,high,III-ECE-DS
2026-10-26,Monday,4,11:40,12:30,21MAB302T,Discrete Mathematics,theory,high,III-ECE-DS
2026-10-27,Tuesday,1,09:00,09:50,21ECC303T,VLSI Design and Technology,theory,high,III-ECE-DS
2026-10-27,Tuesday,2,09:50,10:40,21ECC301P,"Microprocessor, Microcontroller, and Interfacing Techniques",theory,high,III-ECE-DS
2026-10-27,Tuesday,3,10:50,11:40,21CSO355T,Machine learning for all,theory,high,III-ECE-DS
2026-10-27,Tuesday,4,11:40,12:30,21GNP301L,Community connect,practical,high,III-ECE-DS
2026-10-27,Tuesday,6,13:20,14:10,21ECC311L,VLSI Design/ Microprocessor Laboratory,lab,high,III-ECE-DS
2026-10-27,Tuesday,7,14:10,15:00,21ECC311L,VLSI Design/ Microprocessor Laboratory,lab,high,III-ECE-DS
2026-10-28,Wednesday,1,09:00,09:50,21LEM301T,Indian Art Form,theory,high,III-ECE-DS
2026-10-28,Wednesday,2,09:50,10:40,21ECC301P,"Microprocessor, Microcontroller, and Interfacing Techniques",theory,high,III-ECE-DS
2026-10-28,Wednesday,3,10:50,11:40,21MAB302T,Discrete Mathematics,theory,high,III-ECE-DS
2026-10-28,Wednesday,4,11:40,12:30,21ECC303T,VLSI Design and Technology,theory,high,III-ECE-DS
2026-10-28,Wednesday,8,15:10,16:00,21PDM301L,Analytical and logical thinking skills,skill,high,III-ECE-DS
2026-10-28,Wednesday,9,16:00,16:50,21PDM301L,Analytical and logical thinking skills,skill,high,III-ECE-DS
2026-10-29,Thursday,1,09:00,09:50,21MAB302T,Discrete Mathematics,theory,high,III-ECE-DS
2026-10-29,Thursday,2,09:50,10:40,21CSO355T,Machine learning for all,theory,high,III-ECE-DS
2026-10-29,Thursday,3,10:50,11:40,21ECE371T,Database Design and Management,theory,high,III-ECE-DS
2026-10-29,Thursday,4,11:40,12:30,21GNP301L,Community connect,practical,high,III-ECE-DS
2026-10-30,Friday,1,09:00,09:50,21CSO355T,Machine learning for all,theory,high,III-ECE-DS
2026-10-30,Friday,2,09:50,10:40,21MAB302T,Discrete Mathematics,theory,high,III-ECE-DS
2026-10-30,Friday,3,10:50,11:40,21ECE371T,Database Design and Management,theory,high,III-ECE-DS
2026-10-30,Friday,4,11:40,12:30,21ECC301P,"Microprocessor, Microcontroller, and Interfacing Techniques",project,medium,III-ECE-DS
2026-10-30,Friday,6,13:20,14:10,21PDM301L,Analytical and logical thinking skills,skill,high,III-ECE-DS
2026-10-30,Friday,8,15:10,16:00,21ECC311L,VLSI Design/ Microprocessor Laboratory,lab,high,III-ECE-DS
2026-10-30,Friday,9,16:00,16:50,21ECC311L,VLSI Design/ Microprocessor Laboratory,lab,high,III-ECE-DS
2026-11-02,Monday,1,09:00,09:50,21ECE371T,Database Design and Management,theory,high,III-ECE-DS
2026-11-02,Monday,2,09:50,10:40,21ECC301P,"Microprocessor, Microcontroller, and Interfacing Techniques",theory,high,III-ECE-DS
2026-11-02,Monday,3,10:50,11:40,21ECC303T,VLSI Design and Technology,theory,high,III-ECE-DS
2026-11-02,Monday,4,11:40,12:30,21MAB302T,Discrete Mathematics,theory,high,III-ECE-DS
2026-11-03,Tuesday,1,09:00,09:50,21ECC303T,VLSI Design and Technology,theory,high,III-ECE-DS
2026-11-03,Tuesday,2,09:50,10:40,21ECC301P,"Microprocessor, Microcontroller, and Interfacing Techniques",theory,high,III-ECE-DS
2026-11-03,Tuesday,3,10:50,11:40,21CSO355T,Machine learning for all,theory,high,III-ECE-DS
2026-11-03,Tuesday,4,11:40,12:30,21GNP301L,Community connect,practical,high,III-ECE-DS
2026-11-03,Tuesday,6,13:20,14:10,21ECC311L,VLSI Design/ Microprocessor Laboratory,lab,high,III-ECE-DS
2026-11-03,Tuesday,7,14:10,15:00,21ECC311L,VLSI Design/ Microprocessor Laboratory,lab,high,III-ECE-DS
2026-11-04,Wednesday,1,09:00,09:50,21LEM301T,Indian Art Form,theory,high,III-ECE-DS
2026-11-04,Wednesday,2,09:50,10:40,21ECC301P,"Microprocessor, Microcontroller, and Interfacing Techniques",theory,high,III-ECE-DS
2026-11-04,Wednesday,3,10:50,11:40,21MAB302T,Discrete Mathematics,theory,high,III-ECE-DS
2026-11-04,Wednesday,4,11:40,12:30,21ECC303T,VLSI Design and Technology,theory,high,III-ECE-DS
2026-11-04,Wednesday,8,15:10,16:00,21PDM301L,Analytical and logical thinking skills,skill,high,III-ECE-DS
2026-11-04,Wednesday,9,16:00,16:50,21PDM301L,Analytical and logical thinking skills,skill,high,III-ECE-DS
2026-11-05,Thursday,1,09:00,09:50,21MAB302T,Discrete Mathematics,theory,high,III-ECE-DS
2026-11-05,Thursday,2,09:50,10:40,21CSO355T,Machine learning for all,theory,high,III-ECE-DS
2026-11-05,Thursday,3,10:50,11:40,21ECE371T,Database Design and Management,theory,high,III-ECE-DS
2026-11-05,Thursday,4,11:40,12:30,21GNP301L,Community connect,practical,high,III-ECE-DS
2026-11-06,Friday,1,09:00,09:50,21CSO355T,Machine learning for all,theory,high,III-ECE-DS
2026-11-06,Friday,2,09:50,10:40,21MAB302T,Discrete Mathematics,theory,high,III-ECE-DS
2026-11-06,Friday,3,10:50,11:40,21ECE371T,Database Design and Management,theory,high,III-ECE-DS
2026-11-06,Friday,4,11:40,12:30,21ECC301P,"Microprocessor, Microcontroller, and Interfacing Techniques",project,medium,III-ECE-DS
2026-11-06,Friday,6,13:20,14:10,21PDM301L,Analytical and logical thinking skills,skill,high,III-ECE-DS
2026-11-06,Friday,8,15:10,16:00,21ECC311L,VLSI Design/ Microprocessor Laboratory,lab,high,III-ECE-DS
2026-11-06,Friday,9,16:00,16:50,21ECC311L,VLSI Design/ Microprocessor Laboratory,lab,high,III-ECE-DS
2026-11-09,Monday,1,09:00,09:50,21ECE371T,Database Design and Management,theory,high,III-ECE-DS
2026-11-09,Monday,2,09:50,10:40,21ECC301P,"Microprocessor, Microcontroller, and Interfacing Techniques",theory,high,III-ECE-DS
2026-11-09,Monday,3,10:50,11:40,21ECC303T,VLSI Design and Technology,theory,high,III-ECE-DS
2026-11-09,Monday,4,11:40,12:30,21MAB302T,Discrete Mathematics,theory,high,III-ECE-DS
2026-11-10,Tuesday,1,09:00,09:50,21ECC303T,VLSI Design and Technology,theory,high,III-ECE-DS
2026-11-10,Tuesday,2,09:50,10:40,21ECC301P,"Microprocessor, Microcontroller, and Interfacing Techniques",theory,high,III-ECE-DS
2026-11-10,Tuesday,3,10:50,11:40,21CSO355T,Machine learning for all,theory,high,III-ECE-DS
2026-11-10,Tuesday,4,11:40,12:30,21GNP301L,Community connect,practical,high,III-ECE-DS
2026-11-10,Tuesday,6,13:20,14:10,21ECC311L,VLSI Design/ Microprocessor Laboratory,lab,high,III-ECE-DS
2026-11-10,Tuesday,7,14:10,15:00,21ECC311L,VLSI Design/ Microprocessor Laboratory,lab,high,III-ECE-DS
2026-11-11,Wednesday,1,09:00,09:50,21LEM301T,Indian Art Form,theory,high,III-ECE-DS
2026-11-11,Wednesday,2,09:50,10:40,21ECC301P,"Microprocessor, Microcontroller, and Interfacing Techniques",theory,high,III-ECE-DS
2026-11-11,Wednesday,3,10:50,11:40,21MAB302T,Discrete Mathematics,theory,high,III-ECE-DS
2026-11-11,Wednesday,4,11:40,12:30,21ECC303T,VLSI Design and Technology,theory,high,III-ECE-DS
2026-11-11,Wednesday,8,15:10,16:00,21PDM301L,Analytical and logical thinking skills,skill,high,III-ECE-DS
2026-11-11,Wednesday,9,16:00,16:50,21PDM301L,Analytical and logical thinking skills,skill,high,III-ECE-DS
2026-11-12,Thursday,1,09:00,09:50,21MAB302T,Discrete Mathematics,theory,high,III-ECE-DS
2026-11-12,Thursday,2,09:50,10:40,21CSO355T,Machine learning for all,theory,high,III-ECE-DS
2026-11-12,Thursday,3,10:50,11:40,21ECE371T,Database Design and Management,theory,high,III-ECE-DS
2026-11-12,Thursday,4,11:40,12:30,21GNP301L,Community connect,practical,high,III-ECE-DS
2026-11-13,Friday,1,09:00,09:50,21CSO355T,Machine learning for all,theory,high,III-ECE-DS
2026-11-13,Friday,2,09:50,10:40,21MAB302T,Discrete Mathematics,theory,high,III-ECE-DS
2026-11-13,Friday,3,10:50,11:40,21ECE371T,Database Design and Management,theory,high,III-ECE-DS
2026-11-13,Friday,4,11:40,12:30,21ECC301P,"Microprocessor, Microcontroller, and Interfacing Techniques",project,medium,III-ECE-DS
2026-11-13,Friday,6,13:20,14:10,21PDM301L,Analytical and logical thinking skills,skill,high,III-ECE-DS
2026-11-13,Friday,8,15:10,16:00,21ECC311L,VLSI Design/ Microprocessor Laboratory,lab,high,III-ECE-DS
2026-11-13,Friday,9,16:00,16:50,21ECC311L,VLSI Design/ Microprocessor Laboratory,lab,high,III-ECE-DS
2026-11-16,Monday,1,09:00,09:50,21ECE371T,Database Design and Management,theory,high,III-ECE-DS
2026-11-16,Monday,2,09:50,10:40,21ECC301P,"Microprocessor, Microcontroller, and Interfacing Techniques",theory,high,III-ECE-DS
2026-11-16,Monday,3,10:50,11:40,21ECC303T,VLSI Design and Technology,theory,high,III-ECE-DS
2026-11-16,Monday,4,11:40,12:30,21MAB302T,Discrete Mathematics,theory,high,III-ECE-DS
2026-11-17,Tuesday,1,09:00,09:50,21ECC303T,VLSI Design and Technology,theory,high,III-ECE-DS
2026-11-17,Tuesday,2,09:50,10:40,21ECC301P,"Microprocessor, Microcontroller, and Interfacing Techniques",theory,high,III-ECE-DS
2026-11-17,Tuesday,3,10:50,11:40,21CSO355T,Machine learning for all,theory,high,III-ECE-DS
2026-11-17,Tuesday,4,11:40,12:30,21GNP301L,Community connect,practical,high,III-ECE-DS
2026-11-17,Tuesday,6,13:20,14:10,21ECC311L,VLSI Design/ Microprocessor Laboratory,lab,high,III-ECE-DS
2026-11-17,Tuesday,7,14:10,15:00,21ECC311L,VLSI Design/ Microprocessor Laboratory,lab,high,III-ECE-DS
2026-11-18,Wednesday,1,09:00,09:50,21LEM301T,Indian Art Form,theory,high,III-ECE-DS
2026-11-18,Wednesday,2,09:50,10:40,21ECC301P,"Microprocessor, Microcontroller, and Interfacing Techniques",theory,high,III-ECE-DS
2026-11-18,Wednesday,3,10:50,11:40,21MAB302T,Discrete Mathematics,theory,high,III-ECE-DS
2026-11-18,Wednesday,4,11:40,12:30,21ECC303T,VLSI Design and Technology,theory,high,III-ECE-DS
2026-11-18,Wednesday,8,15:10,16:00,21PDM301L,Analytical and logical thinking skills,skill,high,III-ECE-DS
2026-11-18,Wednesday,9,16:00,16:50,21PDM301L,Analytical and logical thinking skills,skill,high,III-ECE-DS
2026-11-19,Thursday,1,09:00,09:50,21MAB302T,Discrete Mathematics,theory,high,III-ECE-DS
2026-11-19,Thursday,2,09:50,10:40,21CSO355T,Machine learning for all,theory,high,III-ECE-DS
2026-11-19,Thursday,3,10:50,11:40,21ECE371T,Database Design and Management,theory,high,III-ECE-DS
2026-11-19,Thursday,4,11:40,12:30,21GNP301L,Community connect,practical,high,III-ECE-DS
2026-11-20,Friday,1,09:00,09:50,21CSO355T,Machine learning for all,theory,high,III-ECE-DS
2026-11-20,Friday,2,09:50,10:40,21MAB302T,Discrete Mathematics,theory,high,III-ECE-DS
2026-11-20,Friday,3,10:50,11:40,21ECE371T,Database Design and Management,theory,high,III-ECE-DS
2026-11-20,Friday,4,11:40,12:30,21ECC301P,"Microprocessor, Microcontroller, and Interfacing Techniques",project,medium,III-ECE-DS
2026-11-20,Friday,6,13:20,14:10,21PDM301L,Analytical and logical thinking skills,skill,high,III-ECE-DS
2026-11-20,Friday,8,15:10,16:00,21ECC311L,VLSI Design/ Microprocessor Laboratory,lab,high,III-ECE-DS
2026-11-20,Friday,9,16:00,16:50,21ECC311L,VLSI Design/ Microprocessor Laboratory,lab,high,III-ECE-DS
2026-11-23,Monday,1,09:00,09:50,21ECE371T,Database Design and Management,theory,high,III-ECE-DS
2026-11-23,Monday,2,09:50,10:40,21ECC301P,"Microprocessor, Microcontroller, and Interfacing Techniques",theory,high,III-ECE-DS
2026-11-23,Monday,3,10:50,11:40,21ECC303T,VLSI Design and Technology,theory,high,III-ECE-DS
2026-11-23,Monday,4,11:40,12:30,21MAB302T,Discrete Mathematics,theory,high,III-ECE-DS
2026-11-24,Tuesday,1,09:00,09:50,21ECC303T,VLSI Design and Technology,theory,high,III-ECE-DS
2026-11-24,Tuesday,2,09:50,10:40,21ECC301P,"Microprocessor, Microcontroller, and Interfacing Techniques",theory,high,III-ECE-DS
2026-11-24,Tuesday,3,10:50,11:40,21CSO355T,Machine learning for all,theory,high,III-ECE-DS
2026-11-24,Tuesday,4,11:40,12:30,21GNP301L,Community connect,practical,high,III-ECE-DS
2026-11-24,Tuesday,6,13:20,14:10,21ECC311L,VLSI Design/ Microprocessor Laboratory,lab,high,III-ECE-DS
2026-11-24,Tuesday,7,14:10,15:00,21ECC311L,VLSI Design/ Microprocessor Laboratory,lab,high,III-ECE-DS
2026-11-25,Wednesday,1,09:00,09:50,21LEM301T,Indian Art Form,theory,high,III-ECE-DS
2026-11-25,Wednesday,2,09:50,10:40,21ECC301P,"Microprocessor, Microcontroller, and Interfacing Techniques",theory,high,III-ECE-DS
2026-11-25,Wednesday,3,10:50,11:40,21MAB302T,Discrete Mathematics,theory,high,III-ECE-DS
2026-11-25,Wednesday,4,11:40,12:30,21ECC303T,VLSI Design and Technology,theory,high,III-ECE-DS
2026-11-25,Wednesday,8,15:10,16:00,21PDM301L,Analytical and logical thinking skills,skill,high,III-ECE-DS
2026-11-25,Wednesday,9,16:00,16:50,21PDM301L,Analytical and logical thinking skills,skill,high,III-ECE-DS
2026-11-26,Thursday,1,09:00,09:50,21MAB302T,Discrete Mathematics,theory,high,III-ECE-DS
2026-11-26,Thursday,2,09:50,10:40,21CSO355T,Machine learning for all,theory,high,III-ECE-DS
2026-11-26,Thursday,3,10:50,11:40,21ECE371T,Database Design and Management,theory,high,III-ECE-DS
2026-11-26,Thursday,4,11:40,12:30,21GNP301L,Community connect,practical,high,III-ECE-DS
2026-11-27,Friday,1,09:00,09:50,21CSO355T,Machine learning for all,theory,high,III-ECE-DS
2026-11-27,Friday,2,09:50,10:40,21MAB302T,Discrete Mathematics,theory,high,III-ECE-DS
2026-11-27,Friday,3,10:50,11:40,21ECE371T,Database Design and Management,theory,high,III-ECE-DS
2026-11-27,Friday,4,11:40,12:30,21ECC301P,"Microprocessor, Microcontroller, and Interfacing Techniques",project,medium,III-ECE-DS
2026-11-27,Friday,6,13:20,14:10,21PDM301L,Analytical and logical thinking skills,skill,high,III-ECE-DS
2026-11-27,Friday,8,15:10,16:00,21ECC311L,VLSI Design/ Microprocessor Laboratory,lab,high,III-ECE-DS
2026-11-27,Friday,9,16:00,16:50,21ECC311L,VLSI Design/ Microprocessor Laboratory,lab,high,III-ECE-DS
2026-08-31,Monday,1,09:00,09:50,21ECC402P,Computer Communication and Network Security,theory,high,IV-ECE-A
2026-08-31,Monday,3,10:50,11:40,21GNH401T,Behavioural Psychology,theory,high,IV-ECE-A
2026-08-31,Monday,4,11:40,12:30,21ECE461T,Semiconductor Memory Design,theory,high,IV-ECE-A
2026-09-01,Tuesday,1,09:00,09:50,21ECC402P,Computer Communication and Network Security,theory,high,IV-ECE-A
2026-09-01,Tuesday,2,09:50,10:40,21ECE461T,Semiconductor Memory Design,theory,high,IV-ECE-A
2026-09-01,Tuesday,3,10:50,11:40,21ECC401T,Wireless Communication and Antenna Systems,theory,high,IV-ECE-A
2026-09-01,Tuesday,4,11:40,12:30,21CSO355T,Machine learning for all,theory,high,IV-ECE-A
2026-09-02,Wednesday,1,09:00,09:50,21ECC401T,Wireless Communication and Antenna Systems,theory,high,IV-ECE-A
2026-09-02,Wednesday,2,09:50,10:40,21ECC402P,Computer Communication and Network Security,lab,high,IV-ECE-A
2026-09-02,Wednesday,3,10:50,11:40,21ECE463T,Scripting Language for Electronic Design Automation,theory,high,IV-ECE-A
2026-09-02,Wednesday,4,11:40,12:30,21CSO355T,Machine learning for all,theory,high,IV-ECE-A
2026-09-03,Thursday,1,09:00,09:50,21CSO355T,Machine learning for all,theory,high,IV-ECE-A
2026-09-03,Thursday,2,09:50,10:40,21GNH401T,Behavioural Psychology,theory,high,IV-ECE-A
2026-09-03,Thursday,3,10:50,11:40,21ECE463T,Scripting Language for Electronic Design Automation,theory,high,IV-ECE-A
2026-09-03,Thursday,4,11:40,12:30,21ECC401T,Wireless Communication and Antenna Systems,theory,high,IV-ECE-A
2026-09-04,Friday,1,09:00,09:50,21ECC402P,Computer Communication and Network Security,theory,high,IV-ECE-A
2026-09-04,Friday,2,09:50,10:40,21GNH401T,Behavioural Psychology,theory,high,IV-ECE-A
2026-09-04,Friday,3,10:50,11:40,21ECE461T,Semiconductor Memory Design,theory,high,IV-ECE-A
2026-09-04,Friday,4,11:40,12:30,21ECE463T,Scripting Language for Electronic Design Automation,theory,high,IV-ECE-A
2026-09-07,Monday,1,09:00,09:50,21ECC402P,Computer Communication and Network Security,theory,high,IV-ECE-A
2026-09-07,Monday,3,10:50,11:40,21GNH401T,Behavioural Psychology,theory,high,IV-ECE-A
2026-09-07,Monday,4,11:40,12:30,21ECE461T,Semiconductor Memory Design,theory,high,IV-ECE-A
2026-09-08,Tuesday,1,09:00,09:50,21ECC402P,Computer Communication and Network Security,theory,high,IV-ECE-A
2026-09-08,Tuesday,2,09:50,10:40,21ECE461T,Semiconductor Memory Design,theory,high,IV-ECE-A
2026-09-08,Tuesday,3,10:50,11:40,21ECC401T,Wireless Communication and Antenna Systems,theory,high,IV-ECE-A
2026-09-08,Tuesday,4,11:40,12:30,21CSO355T,Machine learning for all,theory,high,IV-ECE-A
2026-09-09,Wednesday,1,09:00,09:50,21ECC401T,Wireless Communication and Antenna Systems,theory,high,IV-ECE-A
2026-09-09,Wednesday,2,09:50,10:40,21ECC402P,Computer Communication and Network Security,lab,high,IV-ECE-A
2026-09-09,Wednesday,3,10:50,11:40,21ECE463T,Scripting Language for Electronic Design Automation,theory,high,IV-ECE-A
2026-09-09,Wednesday,4,11:40,12:30,21CSO355T,Machine learning for all,theory,high,IV-ECE-A
2026-09-10,Thursday,1,09:00,09:50,21CSO355T,Machine learning for all,theory,high,IV-ECE-A
2026-09-10,Thursday,2,09:50,10:40,21GNH401T,Behavioural Psychology,theory,high,IV-ECE-A
2026-09-10,Thursday,3,10:50,11:40,21ECE463T,Scripting Language for Electronic Design Automation,theory,high,IV-ECE-A
2026-09-10,Thursday,4,11:40,12:30,21ECC401T,Wireless Communication and Antenna Systems,theory,high,IV-ECE-A
2026-09-11,Friday,1,09:00,09:50,21ECC402P,Computer Communication and Network Security,theory,high,IV-ECE-A
2026-09-11,Friday,2,09:50,10:40,21GNH401T,Behavioural Psychology,theory,high,IV-ECE-A
2026-09-11,Friday,3,10:50,11:40,21ECE461T,Semiconductor Memory Design,theory,high,IV-ECE-A
2026-09-11,Friday,4,11:40,12:30,21ECE463T,Scripting Language for Electronic Design Automation,theory,high,IV-ECE-A
2026-09-14,Monday,1,09:00,09:50,21ECC402P,Computer Communication and Network Security,theory,high,IV-ECE-A
2026-09-14,Monday,3,10:50,11:40,21GNH401T,Behavioural Psychology,theory,high,IV-ECE-A
2026-09-14,Monday,4,11:40,12:30,21ECE461T,Semiconductor Memory Design,theory,high,IV-ECE-A
2026-09-15,Tuesday,1,09:00,09:50,21ECC402P,Computer Communication and Network Security,theory,high,IV-ECE-A
2026-09-15,Tuesday,2,09:50,10:40,21ECE461T,Semiconductor Memory Design,theory,high,IV-ECE-A
2026-09-15,Tuesday,3,10:50,11:40,21ECC401T,Wireless Communication and Antenna Systems,theory,high,IV-ECE-A
2026-09-15,Tuesday,4,11:40,12:30,21CSO355T,Machine learning for all,theory,high,IV-ECE-A
2026-09-16,Wednesday,1,09:00,09:50,21ECC401T,Wireless Communication and Antenna Systems,theory,high,IV-ECE-A
2026-09-16,Wednesday,2,09:50,10:40,21ECC402P,Computer Communication and Network Security,lab,high,IV-ECE-A
2026-09-16,Wednesday,3,10:50,11:40,21ECE463T,Scripting Language for Electronic Design Automation,theory,high,IV-ECE-A
2026-09-16,Wednesday,4,11:40,12:30,21CSO355T,Machine learning for all,theory,high,IV-ECE-A
2026-09-17,Thursday,1,09:00,09:50,21CSO355T,Machine learning for all,theory,high,IV-ECE-A
2026-09-17,Thursday,2,09:50,10:40,21GNH401T,Behavioural Psychology,theory,high,IV-ECE-A
2026-09-17,Thursday,3,10:50,11:40,21ECE463T,Scripting Language for Electronic Design Automation,theory,high,IV-ECE-A
2026-09-17,Thursday,4,11:40,12:30,21ECC401T,Wireless Communication and Antenna Systems,theory,high,IV-ECE-A
2026-09-18,Friday,1,09:00,09:50,21ECC402P,Computer Communication and Network Security,theory,high,IV-ECE-A
2026-09-18,Friday,2,09:50,10:40,21GNH401T,Behavioural Psychology,theory,high,IV-ECE-A
2026-09-18,Friday,3,10:50,11:40,21ECE461T,Semiconductor Memory Design,theory,high,IV-ECE-A
2026-09-18,Friday,4,11:40,12:30,21ECE463T,Scripting Language for Electronic Design Automation,theory,high,IV-ECE-A
2026-09-21,Monday,1,09:00,09:50,21ECC402P,Computer Communication and Network Security,theory,high,IV-ECE-A
2026-09-21,Monday,3,10:50,11:40,21GNH401T,Behavioural Psychology,theory,high,IV-ECE-A
2026-09-21,Monday,4,11:40,12:30,21ECE461T,Semiconductor Memory Design,theory,high,IV-ECE-A
2026-09-22,Tuesday,1,09:00,09:50,21ECC402P,Computer Communication and Network Security,theory,high,IV-ECE-A
2026-09-22,Tuesday,2,09:50,10:40,21ECE461T,Semiconductor Memory Design,theory,high,IV-ECE-A
2026-09-22,Tuesday,3,10:50,11:40,21ECC401T,Wireless Communication and Antenna Systems,theory,high,IV-ECE-A
2026-09-22,Tuesday,4,11:40,12:30,21CSO355T,Machine learning for all,theory,high,IV-ECE-A
2026-09-23,Wednesday,1,09:00,09:50,21ECC401T,Wireless Communication and Antenna Systems,theory,high,IV-ECE-A
2026-09-23,Wednesday,2,09:50,10:40,21ECC402P,Computer Communication and Network Security,lab,high,IV-ECE-A
2026-09-23,Wednesday,3,10:50,11:40,21ECE463T,Scripting Language for Electronic Design Automation,theory,high,IV-ECE-A
2026-09-23,Wednesday,4,11:40,12:30,21CSO355T,Machine learning for all,theory,high,IV-ECE-A
2026-09-24,Thursday,1,09:00,09:50,21CSO355T,Machine learning for all,theory,high,IV-ECE-A
2026-09-24,Thursday,2,09:50,10:40,21GNH401T,Behavioural Psychology,theory,high,IV-ECE-A
2026-09-24,Thursday,3,10:50,11:40,21ECE463T,Scripting Language for Electronic Design Automation,theory,high,IV-ECE-A
2026-09-24,Thursday,4,11:40,12:30,21ECC401T,Wireless Communication and Antenna Systems,theory,high,IV-ECE-A
2026-09-25,Friday,1,09:00,09:50,21ECC402P,Computer Communication and Network Security,theory,high,IV-ECE-A
2026-09-25,Friday,2,09:50,10:40,21GNH401T,Behavioural Psychology,theory,high,IV-ECE-A
2026-09-25,Friday,3,10:50,11:40,21ECE461T,Semiconductor Memory Design,theory,high,IV-ECE-A
2026-09-25,Friday,4,11:40,12:30,21ECE463T,Scripting Language for Electronic Design Automation,theory,high,IV-ECE-A
2026-09-28,Monday,1,09:00,09:50,21ECC402P,Computer Communication and Network Security,theory,high,IV-ECE-A
2026-09-28,Monday,3,10:50,11:40,21GNH401T,Behavioural Psychology,theory,high,IV-ECE-A
2026-09-28,Monday,4,11:40,12:30,21ECE461T,Semiconductor Memory Design,theory,high,IV-ECE-A
2026-09-29,Tuesday,1,09:00,09:50,21ECC402P,Computer Communication and Network Security,theory,high,IV-ECE-A
2026-09-29,Tuesday,2,09:50,10:40,21ECE461T,Semiconductor Memory Design,theory,high,IV-ECE-A
2026-09-29,Tuesday,3,10:50,11:40,21ECC401T,Wireless Communication and Antenna Systems,theory,high,IV-ECE-A
2026-09-29,Tuesday,4,11:40,12:30,21CSO355T,Machine learning for all,theory,high,IV-ECE-A
2026-09-30,Wednesday,1,09:00,09:50,21ECC401T,Wireless Communication and Antenna Systems,theory,high,IV-ECE-A
2026-09-30,Wednesday,2,09:50,10:40,21ECC402P,Computer Communication and Network Security,lab,high,IV-ECE-A
2026-09-30,Wednesday,3,10:50,11:40,21ECE463T,Scripting Language for Electronic Design Automation,theory,high,IV-ECE-A
2026-09-30,Wednesday,4,11:40,12:30,21CSO355T,Machine learning for all,theory,high,IV-ECE-A
2026-10-01,Thursday,1,09:00,09:50,21CSO355T,Machine learning for all,theory,high,IV-ECE-A
2026-10-01,Thursday,2,09:50,10:40,21GNH401T,Behavioural Psychology,theory,high,IV-ECE-A
2026-10-01,Thursday,3,10:50,11:40,21ECE463T,Scripting Language for Electronic Design Automation,theory,high,IV-ECE-A
2026-10-01,Thursday,4,11:40,12:30,21ECC401T,Wireless Communication and Antenna Systems,theory,high,IV-ECE-A
2026-10-02,Friday,1,09:00,09:50,21ECC402P,Computer Communication and Network Security,theory,high,IV-ECE-A
2026-10-02,Friday,2,09:50,10:40,21GNH401T,Behavioural Psychology,theory,high,IV-ECE-A
2026-10-02,Friday,3,10:50,11:40,21ECE461T,Semiconductor Memory Design,theory,high,IV-ECE-A
2026-10-02,Friday,4,11:40,12:30,21ECE463T,Scripting Language for Electronic Design Automation,theory,high,IV-ECE-A
2026-10-05,Monday,1,09:00,09:50,21ECC402P,Computer Communication and Network Security,theory,high,IV-ECE-A
2026-10-05,Monday,3,10:50,11:40,21GNH401T,Behavioural Psychology,theory,high,IV-ECE-A
2026-10-05,Monday,4,11:40,12:30,21ECE461T,Semiconductor Memory Design,theory,high,IV-ECE-A
2026-10-06,Tuesday,1,09:00,09:50,21ECC402P,Computer Communication and Network Security,theory,high,IV-ECE-A
2026-10-06,Tuesday,2,09:50,10:40,21ECE461T,Semiconductor Memory Design,theory,high,IV-ECE-A
2026-10-06,Tuesday,3,10:50,11:40,21ECC401T,Wireless Communication and Antenna Systems,theory,high,IV-ECE-A
2026-10-06,Tuesday,4,11:40,12:30,21CSO355T,Machine learning for all,theory,high,IV-ECE-A
2026-10-07,Wednesday,1,09:00,09:50,21ECC401T,Wireless Communication and Antenna Systems,theory,high,IV-ECE-A
2026-10-07,Wednesday,2,09:50,10:40,21ECC402P,Computer Communication and Network Security,lab,high,IV-ECE-A
2026-10-07,Wednesday,3,10:50,11:40,21ECE463T,Scripting Language for Electronic Design Automation,theory,high,IV-ECE-A
2026-10-07,Wednesday,4,11:40,12:30,21CSO355T,Machine learning for all,theory,high,IV-ECE-A
2026-10-08,Thursday,1,09:00,09:50,21CSO355T,Machine learning for all,theory,high,IV-ECE-A
2026-10-08,Thursday,2,09:50,10:40,21GNH401T,Behavioural Psychology,theory,high,IV-ECE-A
2026-10-08,Thursday,3,10:50,11:40,21ECE463T,Scripting Language for Electronic Design Automation,theory,high,IV-ECE-A
2026-10-08,Thursday,4,11:40,12:30,21ECC401T,Wireless Communication and Antenna Systems,theory,high,IV-ECE-A
2026-10-09,Friday,1,09:00,09:50,21ECC402P,Computer Communication and Network Security,theory,high,IV-ECE-A
2026-10-09,Friday,2,09:50,10:40,21GNH401T,Behavioural Psychology,theory,high,IV-ECE-A
2026-10-09,Friday,3,10:50,11:40,21ECE461T,Semiconductor Memory Design,theory,high,IV-ECE-A
2026-10-09,Friday,4,11:40,12:30,21ECE463T,Scripting Language for Electronic Design Automation,theory,high,IV-ECE-A
2026-10-12,Monday,1,09:00,09:50,21ECC402P,Computer Communication and Network Security,theory,high,IV-ECE-A
2026-10-12,Monday,3,10:50,11:40,21GNH401T,Behavioural Psychology,theory,high,IV-ECE-A
2026-10-12,Monday,4,11:40,12:30,21ECE461T,Semiconductor Memory Design,theory,high,IV-ECE-A
2026-10-13,Tuesday,1,09:00,09:50,21ECC402P,Computer Communication and Network Security,theory,high,IV-ECE-A
2026-10-13,Tuesday,2,09:50,10:40,21ECE461T,Semiconductor Memory Design,theory,high,IV-ECE-A
2026-10-13,Tuesday,3,10:50,11:40,21ECC401T,Wireless Communication and Antenna Systems,theory,high,IV-ECE-A
2026-10-13,Tuesday,4,11:40,12:30,21CSO355T,Machine learning for all,theory,high,IV-ECE-A
2026-10-14,Wednesday,1,09:00,09:50,21ECC401T,Wireless Communication and Antenna Systems,theory,high,IV-ECE-A
2026-10-14,Wednesday,2,09:50,10:40,21ECC402P,Computer Communication and Network Security,lab,high,IV-ECE-A
2026-10-14,Wednesday,3,10:50,11:40,21ECE463T,Scripting Language for Electronic Design Automation,theory,high,IV-ECE-A
2026-10-14,Wednesday,4,11:40,12:30,21CSO355T,Machine learning for all,theory,high,IV-ECE-A
2026-10-15,Thursday,1,09:00,09:50,21CSO355T,Machine learning for all,theory,high,IV-ECE-A
2026-10-15,Thursday,2,09:50,10:40,21GNH401T,Behavioural Psychology,theory,high,IV-ECE-A
2026-10-15,Thursday,3,10:50,11:40,21ECE463T,Scripting Language for Electronic Design Automation,theory,high,IV-ECE-A
2026-10-15,Thursday,4,11:40,12:30,21ECC401T,Wireless Communication and Antenna Systems,theory,high,IV-ECE-A
2026-10-16,Friday,1,09:00,09:50,21ECC402P,Computer Communication and Network Security,theory,high,IV-ECE-A
2026-10-16,Friday,2,09:50,10:40,21GNH401T,Behavioural Psychology,theory,high,IV-ECE-A
2026-10-16,Friday,3,10:50,11:40,21ECE461T,Semiconductor Memory Design,theory,high,IV-ECE-A
2026-10-16,Friday,4,11:40,12:30,21ECE463T,Scripting Language for Electronic Design Automation,theory,high,IV-ECE-A
2026-10-19,Monday,1,09:00,09:50,21ECC402P,Computer Communication and Network Security,theory,high,IV-ECE-A
2026-10-19,Monday,3,10:50,11:40,21GNH401T,Behavioural Psychology,theory,high,IV-ECE-A
2026-10-19,Monday,4,11:40,12:30,21ECE461T,Semiconductor Memory Design,theory,high,IV-ECE-A
2026-10-20,Tuesday,1,09:00,09:50,21ECC402P,Computer Communication and Network Security,theory,high,IV-ECE-A
2026-10-20,Tuesday,2,09:50,10:40,21ECE461T,Semiconductor Memory Design,theory,high,IV-ECE-A
2026-10-20,Tuesday,3,10:50,11:40,21ECC401T,Wireless Communication and Antenna Systems,theory,high,IV-ECE-A
2026-10-20,Tuesday,4,11:40,12:30,21CSO355T,Machine learning for all,theory,high,IV-ECE-A
2026-10-21,Wednesday,1,09:00,09:50,21ECC401T,Wireless Communication and Antenna Systems,theory,high,IV-ECE-A
2026-10-21,Wednesday,2,09:50,10:40,21ECC402P,Computer Communication and Network Security,lab,high,IV-ECE-A
2026-10-21,Wednesday,3,10:50,11:40,21ECE463T,Scripting Language for Electronic Design Automation,theory,high,IV-ECE-A
2026-10-21,Wednesday,4,11:40,12:30,21CSO355T,Machine learning for all,theory,high,IV-ECE-A
2026-10-22,Thursday,1,09:00,09:50,21CSO355T,Machine learning for all,theory,high,IV-ECE-A
2026-10-22,Thursday,2,09:50,10:40,21GNH401T,Behavioural Psychology,theory,high,IV-ECE-A
2026-10-22,Thursday,3,10:50,11:40,21ECE463T,Scripting Language for Electronic Design Automation,theory,high,IV-ECE-A
2026-10-22,Thursday,4,11:40,12:30,21ECC401T,Wireless Communication and Antenna Systems,theory,high,IV-ECE-A
2026-10-23,Friday,1,09:00,09:50,21ECC402P,Computer Communication and Network Security,theory,high,IV-ECE-A
2026-10-23,Friday,2,09:50,10:40,21GNH401T,Behavioural Psychology,theory,high,IV-ECE-A
2026-10-23,Friday,3,10:50,11:40,21ECE461T,Semiconductor Memory Design,theory,high,IV-ECE-A
2026-10-23,Friday,4,11:40,12:30,21ECE463T,Scripting Language for Electronic Design Automation,theory,high,IV-ECE-A
2026-10-26,Monday,1,09:00,09:50,21ECC402P,Computer Communication and Network Security,theory,high,IV-ECE-A
2026-10-26,Monday,3,10:50,11:40,21GNH401T,Behavioural Psychology,theory,high,IV-ECE-A
2026-10-26,Monday,4,11:40,12:30,21ECE461T,Semiconductor Memory Design,theory,high,IV-ECE-A
2026-10-27,Tuesday,1,09:00,09:50,21ECC402P,Computer Communication and Network Security,theory,high,IV-ECE-A
2026-10-27,Tuesday,2,09:50,10:40,21ECE461T,Semiconductor Memory Design,theory,high,IV-ECE-A
2026-10-27,Tuesday,3,10:50,11:40,21ECC401T,Wireless Communication and Antenna Systems,theory,high,IV-ECE-A
2026-10-27,Tuesday,4,11:40,12:30,21CSO355T,Machine learning for all,theory,high,IV-ECE-A
2026-10-28,Wednesday,1,09:00,09:50,21ECC401T,Wireless Communication and Antenna Systems,theory,high,IV-ECE-A
2026-10-28,Wednesday,2,09:50,10:40,21ECC402P,Computer Communication and Network Security,lab,high,IV-ECE-A
2026-10-28,Wednesday,3,10:50,11:40,21ECE463T,Scripting Language for Electronic Design Automation,theory,high,IV-ECE-A
2026-10-28,Wednesday,4,11:40,12:30,21CSO355T,Machine learning for all,theory,high,IV-ECE-A
2026-10-29,Thursday,1,09:00,09:50,21CSO355T,Machine learning for all,theory,high,IV-ECE-A
2026-10-29,Thursday,2,09:50,10:40,21GNH401T,Behavioural Psychology,theory,high,IV-ECE-A
2026-10-29,Thursday,3,10:50,11:40,21ECE463T,Scripting Language for Electronic Design Automation,theory,high,IV-ECE-A
2026-10-29,Thursday,4,11:40,12:30,21ECC401T,Wireless Communication and Antenna Systems,theory,high,IV-ECE-A
2026-10-30,Friday,1,09:00,09:50,21ECC402P,Computer Communication and Network Security,theory,high,IV-ECE-A
2026-10-30,Friday,2,09:50,10:40,21GNH401T,Behavioural Psychology,theory,high,IV-ECE-A
2026-10-30,Friday,3,10:50,11:40,21ECE461T,Semiconductor Memory Design,theory,high,IV-ECE-A
2026-10-30,Friday,4,11:40,12:30,21ECE463T,Scripting Language for Electronic Design Automation,theory,high,IV-ECE-A
2026-11-02,Monday,1,09:00,09:50,21ECC402P,Computer Communication and Network Security,theory,high,IV-ECE-A
2026-11-02,Monday,3,10:50,11:40,21GNH401T,Behavioural Psychology,theory,high,IV-ECE-A
2026-11-02,Monday,4,11:40,12:30,21ECE461T,Semiconductor Memory Design,theory,high,IV-ECE-A
2026-11-03,Tuesday,1,09:00,09:50,21ECC402P,Computer Communication and Network Security,theory,high,IV-ECE-A
2026-11-03,Tuesday,2,09:50,10:40,21ECE461T,Semiconductor Memory Design,theory,high,IV-ECE-A
2026-11-03,Tuesday,3,10:50,11:40,21ECC401T,Wireless Communication and Antenna Systems,theory,high,IV-ECE-A
2026-11-03,Tuesday,4,11:40,12:30,21CSO355T,Machine learning for all,theory,high,IV-ECE-A
2026-11-04,Wednesday,1,09:00,09:50,21ECC401T,Wireless Communication and Antenna Systems,theory,high,IV-ECE-A
2026-11-04,Wednesday,2,09:50,10:40,21ECC402P,Computer Communication and Network Security,lab,high,IV-ECE-A
2026-11-04,Wednesday,3,10:50,11:40,21ECE463T,Scripting Language for Electronic Design Automation,theory,high,IV-ECE-A
2026-11-04,Wednesday,4,11:40,12:30,21CSO355T,Machine learning for all,theory,high,IV-ECE-A
2026-11-05,Thursday,1,09:00,09:50,21CSO355T,Machine learning for all,theory,high,IV-ECE-A
2026-11-05,Thursday,2,09:50,10:40,21GNH401T,Behavioural Psychology,theory,high,IV-ECE-A
2026-11-05,Thursday,3,10:50,11:40,21ECE463T,Scripting Language for Electronic Design Automation,theory,high,IV-ECE-A
2026-11-05,Thursday,4,11:40,12:30,21ECC401T,Wireless Communication and Antenna Systems,theory,high,IV-ECE-A
2026-11-06,Friday,1,09:00,09:50,21ECC402P,Computer Communication and Network Security,theory,high,IV-ECE-A
2026-11-06,Friday,2,09:50,10:40,21GNH401T,Behavioural Psychology,theory,high,IV-ECE-A
2026-11-06,Friday,3,10:50,11:40,21ECE461T,Semiconductor Memory Design,theory,high,IV-ECE-A
2026-11-06,Friday,4,11:40,12:30,21ECE463T,Scripting Language for Electronic Design Automation,theory,high,IV-ECE-A
2026-11-09,Monday,1,09:00,09:50,21ECC402P,Computer Communication and Network Security,theory,high,IV-ECE-A
2026-11-09,Monday,3,10:50,11:40,21GNH401T,Behavioural Psychology,theory,high,IV-ECE-A
2026-11-09,Monday,4,11:40,12:30,21ECE461T,Semiconductor Memory Design,theory,high,IV-ECE-A
2026-11-10,Tuesday,1,09:00,09:50,21ECC402P,Computer Communication and Network Security,theory,high,IV-ECE-A
2026-11-10,Tuesday,2,09:50,10:40,21ECE461T,Semiconductor Memory Design,theory,high,IV-ECE-A
2026-11-10,Tuesday,3,10:50,11:40,21ECC401T,Wireless Communication and Antenna Systems,theory,high,IV-ECE-A
2026-11-10,Tuesday,4,11:40,12:30,21CSO355T,Machine learning for all,theory,high,IV-ECE-A
2026-11-11,Wednesday,1,09:00,09:50,21ECC401T,Wireless Communication and Antenna Systems,theory,high,IV-ECE-A
2026-11-11,Wednesday,2,09:50,10:40,21ECC402P,Computer Communication and Network Security,lab,high,IV-ECE-A
2026-11-11,Wednesday,3,10:50,11:40,21ECE463T,Scripting Language for Electronic Design Automation,theory,high,IV-ECE-A
2026-11-11,Wednesday,4,11:40,12:30,21CSO355T,Machine learning for all,theory,high,IV-ECE-A
2026-11-12,Thursday,1,09:00,09:50,21CSO355T,Machine learning for all,theory,high,IV-ECE-A
2026-11-12,Thursday,2,09:50,10:40,21GNH401T,Behavioural Psychology,theory,high,IV-ECE-A
2026-11-12,Thursday,3,10:50,11:40,21ECE463T,Scripting Language for Electronic Design Automation,theory,high,IV-ECE-A
2026-11-12,Thursday,4,11:40,12:30,21ECC401T,Wireless Communication and Antenna Systems,theory,high,IV-ECE-A
2026-11-13,Friday,1,09:00,09:50,21ECC402P,Computer Communication and Network Security,theory,high,IV-ECE-A
2026-11-13,Friday,2,09:50,10:40,21GNH401T,Behavioural Psychology,theory,high,IV-ECE-A
2026-11-13,Friday,3,10:50,11:40,21ECE461T,Semiconductor Memory Design,theory,high,IV-ECE-A
2026-11-13,Friday,4,11:40,12:30,21ECE463T,Scripting Language for Electronic Design Automation,theory,high,IV-ECE-A
2026-11-16,Monday,1,09:00,09:50,21ECC402P,Computer Communication and Network Security,theory,high,IV-ECE-A
2026-11-16,Monday,3,10:50,11:40,21GNH401T,Behavioural Psychology,theory,high,IV-ECE-A
2026-11-16,Monday,4,11:40,12:30,21ECE461T,Semiconductor Memory Design,theory,high,IV-ECE-A
2026-11-17,Tuesday,1,09:00,09:50,21ECC402P,Computer Communication and Network Security,theory,high,IV-ECE-A
2026-11-17,Tuesday,2,09:50,10:40,21ECE461T,Semiconductor Memory Design,theory,high,IV-ECE-A
2026-11-17,Tuesday,3,10:50,11:40,21ECC401T,Wireless Communication and Antenna Systems,theory,high,IV-ECE-A
2026-11-17,Tuesday,4,11:40,12:30,21CSO355T,Machine learning for all,theory,high,IV-ECE-A
2026-11-18,Wednesday,1,09:00,09:50,21ECC401T,Wireless Communication and Antenna Systems,theory,high,IV-ECE-A
2026-11-18,Wednesday,2,09:50,10:40,21ECC402P,Computer Communication and Network Security,lab,high,IV-ECE-A
2026-11-18,Wednesday,3,10:50,11:40,21ECE463T,Scripting Language for Electronic Design Automation,theory,high,IV-ECE-A
2026-11-18,Wednesday,4,11:40,12:30,21CSO355T,Machine learning for all,theory,high,IV-ECE-A
2026-11-19,Thursday,1,09:00,09:50,21CSO355T,Machine learning for all,theory,high,IV-ECE-A
2026-11-19,Thursday,2,09:50,10:40,21GNH401T,Behavioural Psychology,theory,high,IV-ECE-A
2026-11-19,Thursday,3,10:50,11:40,21ECE463T,Scripting Language for Electronic Design Automation,theory,high,IV-ECE-A
2026-11-19,Thursday,4,11:40,12:30,21ECC401T,Wireless Communication and Antenna Systems,theory,high,IV-ECE-A
2026-11-20,Friday,1,09:00,09:50,21ECC402P,Computer Communication and Network Security,theory,high,IV-ECE-A
2026-11-20,Friday,2,09:50,10:40,21GNH401T,Behavioural Psychology,theory,high,IV-ECE-A
2026-11-20,Friday,3,10:50,11:40,21ECE461T,Semiconductor Memory Design,theory,high,IV-ECE-A
2026-11-20,Friday,4,11:40,12:30,21ECE463T,Scripting Language for Electronic Design Automation,theory,high,IV-ECE-A
2026-11-23,Monday,1,09:00,09:50,21ECC402P,Computer Communication and Network Security,theory,high,IV-ECE-A
2026-11-23,Monday,3,10:50,11:40,21GNH401T,Behavioural Psychology,theory,high,IV-ECE-A
2026-11-23,Monday,4,11:40,12:30,21ECE461T,Semiconductor Memory Design,theory,high,IV-ECE-A
2026-11-24,Tuesday,1,09:00,09:50,21ECC402P,Computer Communication and Network Security,theory,high,IV-ECE-A
2026-11-24,Tuesday,2,09:50,10:40,21ECE461T,Semiconductor Memory Design,theory,high,IV-ECE-A
2026-11-24,Tuesday,3,10:50,11:40,21ECC401T,Wireless Communication and Antenna Systems,theory,high,IV-ECE-A
2026-11-24,Tuesday,4,11:40,12:30,21CSO355T,Machine learning for all,theory,high,IV-ECE-A
2026-11-25,Wednesday,1,09:00,09:50,21ECC401T,Wireless Communication and Antenna Systems,theory,high,IV-ECE-A
2026-11-25,Wednesday,2,09:50,10:40,21ECC402P,Computer Communication and Network Security,lab,high,IV-ECE-A
2026-11-25,Wednesday,3,10:50,11:40,21ECE463T,Scripting Language for Electronic Design Automation,theory,high,IV-ECE-A
2026-11-25,Wednesday,4,11:40,12:30,21CSO355T,Machine learning for all,theory,high,IV-ECE-A
2026-11-26,Thursday,1,09:00,09:50,21CSO355T,Machine learning for all,theory,high,IV-ECE-A
2026-11-26,Thursday,2,09:50,10:40,21GNH401T,Behavioural Psychology,theory,high,IV-ECE-A
2026-11-26,Thursday,3,10:50,11:40,21ECE463T,Scripting Language for Electronic Design Automation,theory,high,IV-ECE-A
2026-11-26,Thursday,4,11:40,12:30,21ECC401T,Wireless Communication and Antenna Systems,theory,high,IV-ECE-A
2026-11-27,Friday,1,09:00,09:50,21ECC402P,Computer Communication and Network Security,theory,high,IV-ECE-A
2026-11-27,Friday,2,09:50,10:40,21GNH401T,Behavioural Psychology,theory,high,IV-ECE-A
2026-11-27,Friday,3,10:50,11:40,21ECE461T,Semiconductor Memory Design,theory,high,IV-ECE-A
2026-11-27,Friday,4,11:40,12:30,21ECE463T,Scripting Language for Electronic Design Automation,theory,high,IV-ECE-A
2026-08-31,Monday,1,09:00,09:50,21ECC402P,Computer Communication and Network Security,theory,high,IV-ECE-B
2026-08-31,Monday,2,09:50,10:40,21GNH401T,Behavioural Psychology,theory,high,IV-ECE-B
2026-08-31,Monday,3,10:50,11:40,21ECE463T,Scripting Language for Electronic Design Automation,theory,high,IV-ECE-B
2026-08-31,Monday,4,11:40,12:30,21CSO355T,Machine learning for all,theory,high,IV-ECE-B
2026-09-01,Tuesday,1,09:00,09:50,21ECC402P,Computer Communication and Network Security,theory,high,IV-ECE-B
2026-09-01,Tuesday,2,09:50,10:40,21ECE463T,Scripting Language for Electronic Design Automation,theory,high,IV-ECE-B
2026-09-01,Tuesday,3,10:50,11:40,21CSO355T,Machine learning for all,theory,high,IV-ECE-B
2026-09-01,Tuesday,4,11:40,12:30,21ECC401T,Wireless Communication and Antenna Systems,theory,high,IV-ECE-B
2026-09-02,Wednesday,1,09:00,09:50,21ECC402P,Computer Communication and Network Security,theory,high,IV-ECE-B
2026-09-02,Wednesday,2,09:50,10:40,21ECE461T,Semiconductor Memory Design,theory,high,IV-ECE-B
2026-09-02,Wednesday,3,10:50,11:40,21GNH401T,Behavioural Psychology,theory,high,IV-ECE-B
2026-09-02,Wednesday,4,11:40,12:30,21ECC401T,Wireless Communication and Antenna Systems,theory,high,IV-ECE-B
2026-09-03,Thursday,1,09:00,09:50,21ECE461T,Semiconductor Memory Design,theory,high,IV-ECE-B
2026-09-03,Thursday,2,09:50,10:40,21ECC401T,Wireless Communication and Antenna Systems,theory,high,IV-ECE-B
2026-09-03,Thursday,3,10:50,11:40,21ECC402P,Computer Communication and Network Security,lab,high,IV-ECE-B
2026-09-03,Thursday,4,11:40,12:30,21GNH401T,Behavioural Psychology,theory,high,IV-ECE-B
2026-09-04,Friday,1,09:00,09:50,21ECE463T,Scripting Language for Electronic Design Automation,theory,high,IV-ECE-B
2026-09-04,Friday,2,09:50,10:40,21ECE461T,Semiconductor Memory Design,theory,high,IV-ECE-B
2026-09-04,Friday,3,10:50,11:40,21CSO355T,Machine learning for all,theory,high,IV-ECE-B
2026-09-07,Monday,1,09:00,09:50,21ECC402P,Computer Communication and Network Security,theory,high,IV-ECE-B
2026-09-07,Monday,2,09:50,10:40,21GNH401T,Behavioural Psychology,theory,high,IV-ECE-B
2026-09-07,Monday,3,10:50,11:40,21ECE463T,Scripting Language for Electronic Design Automation,theory,high,IV-ECE-B
2026-09-07,Monday,4,11:40,12:30,21CSO355T,Machine learning for all,theory,high,IV-ECE-B
2026-09-08,Tuesday,1,09:00,09:50,21ECC402P,Computer Communication and Network Security,theory,high,IV-ECE-B
2026-09-08,Tuesday,2,09:50,10:40,21ECE463T,Scripting Language for Electronic Design Automation,theory,high,IV-ECE-B
2026-09-08,Tuesday,3,10:50,11:40,21CSO355T,Machine learning for all,theory,high,IV-ECE-B
2026-09-08,Tuesday,4,11:40,12:30,21ECC401T,Wireless Communication and Antenna Systems,theory,high,IV-ECE-B
2026-09-09,Wednesday,1,09:00,09:50,21ECC402P,Computer Communication and Network Security,theory,high,IV-ECE-B
2026-09-09,Wednesday,2,09:50,10:40,21ECE461T,Semiconductor Memory Design,theory,high,IV-ECE-B
2026-09-09,Wednesday,3,10:50,11:40,21GNH401T,Behavioural Psychology,theory,high,IV-ECE-B
2026-09-09,Wednesday,4,11:40,12:30,21ECC401T,Wireless Communication and Antenna Systems,theory,high,IV-ECE-B
2026-09-10,Thursday,1,09:00,09:50,21ECE461T,Semiconductor Memory Design,theory,high,IV-ECE-B
2026-09-10,Thursday,2,09:50,10:40,21ECC401T,Wireless Communication and Antenna Systems,theory,high,IV-ECE-B
2026-09-10,Thursday,3,10:50,11:40,21ECC402P,Computer Communication and Network Security,lab,high,IV-ECE-B
2026-09-10,Thursday,4,11:40,12:30,21GNH401T,Behavioural Psychology,theory,high,IV-ECE-B
2026-09-11,Friday,1,09:00,09:50,21ECE463T,Scripting Language for Electronic Design Automation,theory,high,IV-ECE-B
2026-09-11,Friday,2,09:50,10:40,21ECE461T,Semiconductor Memory Design,theory,high,IV-ECE-B
2026-09-11,Friday,3,10:50,11:40,21CSO355T,Machine learning for all,theory,high,IV-ECE-B
2026-09-14,Monday,1,09:00,09:50,21ECC402P,Computer Communication and Network Security,theory,high,IV-ECE-B
2026-09-14,Monday,2,09:50,10:40,21GNH401T,Behavioural Psychology,theory,high,IV-ECE-B
2026-09-14,Monday,3,10:50,11:40,21ECE463T,Scripting Language for Electronic Design Automation,theory,high,IV-ECE-B
2026-09-14,Monday,4,11:40,12:30,21CSO355T,Machine learning for all,theory,high,IV-ECE-B
2026-09-15,Tuesday,1,09:00,09:50,21ECC402P,Computer Communication and Network Security,theory,high,IV-ECE-B
2026-09-15,Tuesday,2,09:50,10:40,21ECE463T,Scripting Language for Electronic Design Automation,theory,high,IV-ECE-B
2026-09-15,Tuesday,3,10:50,11:40,21CSO355T,Machine learning for all,theory,high,IV-ECE-B
2026-09-15,Tuesday,4,11:40,12:30,21ECC401T,Wireless Communication and Antenna Systems,theory,high,IV-ECE-B
2026-09-16,Wednesday,1,09:00,09:50,21ECC402P,Computer Communication and Network Security,theory,high,IV-ECE-B
2026-09-16,Wednesday,2,09:50,10:40,21ECE461T,Semiconductor Memory Design,theory,high,IV-ECE-B
2026-09-16,Wednesday,3,10:50,11:40,21GNH401T,Behavioural Psychology,theory,high,IV-ECE-B
2026-09-16,Wednesday,4,11:40,12:30,21ECC401T,Wireless Communication and Antenna Systems,theory,high,IV-ECE-B
2026-09-17,Thursday,1,09:00,09:50,21ECE461T,Semiconductor Memory Design,theory,high,IV-ECE-B
2026-09-17,Thursday,2,09:50,10:40,21ECC401T,Wireless Communication and Antenna Systems,theory,high,IV-ECE-B
2026-09-17,Thursday,3,10:50,11:40,21ECC402P,Computer Communication and Network Security,lab,high,IV-ECE-B
2026-09-17,Thursday,4,11:40,12:30,21GNH401T,Behavioural Psychology,theory,high,IV-ECE-B
2026-09-18,Friday,1,09:00,09:50,21ECE463T,Scripting Language for Electronic Design Automation,theory,high,IV-ECE-B
2026-09-18,Friday,2,09:50,10:40,21ECE461T,Semiconductor Memory Design,theory,high,IV-ECE-B
2026-09-18,Friday,3,10:50,11:40,21CSO355T,Machine learning for all,theory,high,IV-ECE-B
2026-09-21,Monday,1,09:00,09:50,21ECC402P,Computer Communication and Network Security,theory,high,IV-ECE-B
2026-09-21,Monday,2,09:50,10:40,21GNH401T,Behavioural Psychology,theory,high,IV-ECE-B
2026-09-21,Monday,3,10:50,11:40,21ECE463T,Scripting Language for Electronic Design Automation,theory,high,IV-ECE-B
2026-09-21,Monday,4,11:40,12:30,21CSO355T,Machine learning for all,theory,high,IV-ECE-B
2026-09-22,Tuesday,1,09:00,09:50,21ECC402P,Computer Communication and Network Security,theory,high,IV-ECE-B
2026-09-22,Tuesday,2,09:50,10:40,21ECE463T,Scripting Language for Electronic Design Automation,theory,high,IV-ECE-B
2026-09-22,Tuesday,3,10:50,11:40,21CSO355T,Machine learning for all,theory,high,IV-ECE-B
2026-09-22,Tuesday,4,11:40,12:30,21ECC401T,Wireless Communication and Antenna Systems,theory,high,IV-ECE-B
2026-09-23,Wednesday,1,09:00,09:50,21ECC402P,Computer Communication and Network Security,theory,high,IV-ECE-B
2026-09-23,Wednesday,2,09:50,10:40,21ECE461T,Semiconductor Memory Design,theory,high,IV-ECE-B
2026-09-23,Wednesday,3,10:50,11:40,21GNH401T,Behavioural Psychology,theory,high,IV-ECE-B
2026-09-23,Wednesday,4,11:40,12:30,21ECC401T,Wireless Communication and Antenna Systems,theory,high,IV-ECE-B
2026-09-24,Thursday,1,09:00,09:50,21ECE461T,Semiconductor Memory Design,theory,high,IV-ECE-B
2026-09-24,Thursday,2,09:50,10:40,21ECC401T,Wireless Communication and Antenna Systems,theory,high,IV-ECE-B
2026-09-24,Thursday,3,10:50,11:40,21ECC402P,Computer Communication and Network Security,lab,high,IV-ECE-B
2026-09-24,Thursday,4,11:40,12:30,21GNH401T,Behavioural Psychology,theory,high,IV-ECE-B
2026-09-25,Friday,1,09:00,09:50,21ECE463T,Scripting Language for Electronic Design Automation,theory,high,IV-ECE-B
2026-09-25,Friday,2,09:50,10:40,21ECE461T,Semiconductor Memory Design,theory,high,IV-ECE-B
2026-09-25,Friday,3,10:50,11:40,21CSO355T,Machine learning for all,theory,high,IV-ECE-B
2026-09-28,Monday,1,09:00,09:50,21ECC402P,Computer Communication and Network Security,theory,high,IV-ECE-B
2026-09-28,Monday,2,09:50,10:40,21GNH401T,Behavioural Psychology,theory,high,IV-ECE-B
2026-09-28,Monday,3,10:50,11:40,21ECE463T,Scripting Language for Electronic Design Automation,theory,high,IV-ECE-B
2026-09-28,Monday,4,11:40,12:30,21CSO355T,Machine learning for all,theory,high,IV-ECE-B
2026-09-29,Tuesday,1,09:00,09:50,21ECC402P,Computer Communication and Network Security,theory,high,IV-ECE-B
2026-09-29,Tuesday,2,09:50,10:40,21ECE463T,Scripting Language for Electronic Design Automation,theory,high,IV-ECE-B
2026-09-29,Tuesday,3,10:50,11:40,21CSO355T,Machine learning for all,theory,high,IV-ECE-B
2026-09-29,Tuesday,4,11:40,12:30,21ECC401T,Wireless Communication and Antenna Systems,theory,high,IV-ECE-B
2026-09-30,Wednesday,1,09:00,09:50,21ECC402P,Computer Communication and Network Security,theory,high,IV-ECE-B
2026-09-30,Wednesday,2,09:50,10:40,21ECE461T,Semiconductor Memory Design,theory,high,IV-ECE-B
2026-09-30,Wednesday,3,10:50,11:40,21GNH401T,Behavioural Psychology,theory,high,IV-ECE-B
2026-09-30,Wednesday,4,11:40,12:30,21ECC401T,Wireless Communication and Antenna Systems,theory,high,IV-ECE-B
2026-10-01,Thursday,1,09:00,09:50,21ECE461T,Semiconductor Memory Design,theory,high,IV-ECE-B
2026-10-01,Thursday,2,09:50,10:40,21ECC401T,Wireless Communication and Antenna Systems,theory,high,IV-ECE-B
2026-10-01,Thursday,3,10:50,11:40,21ECC402P,Computer Communication and Network Security,lab,high,IV-ECE-B
2026-10-01,Thursday,4,11:40,12:30,21GNH401T,Behavioural Psychology,theory,high,IV-ECE-B
2026-10-02,Friday,1,09:00,09:50,21ECE463T,Scripting Language for Electronic Design Automation,theory,high,IV-ECE-B
2026-10-02,Friday,2,09:50,10:40,21ECE461T,Semiconductor Memory Design,theory,high,IV-ECE-B
2026-10-02,Friday,3,10:50,11:40,21CSO355T,Machine learning for all,theory,high,IV-ECE-B
2026-10-05,Monday,1,09:00,09:50,21ECC402P,Computer Communication and Network Security,theory,high,IV-ECE-B
2026-10-05,Monday,2,09:50,10:40,21GNH401T,Behavioural Psychology,theory,high,IV-ECE-B
2026-10-05,Monday,3,10:50,11:40,21ECE463T,Scripting Language for Electronic Design Automation,theory,high,IV-ECE-B
2026-10-05,Monday,4,11:40,12:30,21CSO355T,Machine learning for all,theory,high,IV-ECE-B
2026-10-06,Tuesday,1,09:00,09:50,21ECC402P,Computer Communication and Network Security,theory,high,IV-ECE-B
2026-10-06,Tuesday,2,09:50,10:40,21ECE463T,Scripting Language for Electronic Design Automation,theory,high,IV-ECE-B
2026-10-06,Tuesday,3,10:50,11:40,21CSO355T,Machine learning for all,theory,high,IV-ECE-B
2026-10-06,Tuesday,4,11:40,12:30,21ECC401T,Wireless Communication and Antenna Systems,theory,high,IV-ECE-B
2026-10-07,Wednesday,1,09:00,09:50,21ECC402P,Computer Communication and Network Security,theory,high,IV-ECE-B
2026-10-07,Wednesday,2,09:50,10:40,21ECE461T,Semiconductor Memory Design,theory,high,IV-ECE-B
2026-10-07,Wednesday,3,10:50,11:40,21GNH401T,Behavioural Psychology,theory,high,IV-ECE-B
2026-10-07,Wednesday,4,11:40,12:30,21ECC401T,Wireless Communication and Antenna Systems,theory,high,IV-ECE-B
2026-10-08,Thursday,1,09:00,09:50,21ECE461T,Semiconductor Memory Design,theory,high,IV-ECE-B
2026-10-08,Thursday,2,09:50,10:40,21ECC401T,Wireless Communication and Antenna Systems,theory,high,IV-ECE-B
2026-10-08,Thursday,3,10:50,11:40,21ECC402P,Computer Communication and Network Security,lab,high,IV-ECE-B
2026-10-08,Thursday,4,11:40,12:30,21GNH401T,Behavioural Psychology,theory,high,IV-ECE-B
2026-10-09,Friday,1,09:00,09:50,21ECE463T,Scripting Language for Electronic Design Automation,theory,high,IV-ECE-B
2026-10-09,Friday,2,09:50,10:40,21ECE461T,Semiconductor Memory Design,theory,high,IV-ECE-B
2026-10-09,Friday,3,10:50,11:40,21CSO355T,Machine learning for all,theory,high,IV-ECE-B
2026-10-12,Monday,1,09:00,09:50,21ECC402P,Computer Communication and Network Security,theory,high,IV-ECE-B
2026-10-12,Monday,2,09:50,10:40,21GNH401T,Behavioural Psychology,theory,high,IV-ECE-B
2026-10-12,Monday,3,10:50,11:40,21ECE463T,Scripting Language for Electronic Design Automation,theory,high,IV-ECE-B
2026-10-12,Monday,4,11:40,12:30,21CSO355T,Machine learning for all,theory,high,IV-ECE-B
2026-10-13,Tuesday,1,09:00,09:50,21ECC402P,Computer Communication and Network Security,theory,high,IV-ECE-B
2026-10-13,Tuesday,2,09:50,10:40,21ECE463T,Scripting Language for Electronic Design Automation,theory,high,IV-ECE-B
2026-10-13,Tuesday,3,10:50,11:40,21CSO355T,Machine learning for all,theory,high,IV-ECE-B
2026-10-13,Tuesday,4,11:40,12:30,21ECC401T,Wireless Communication and Antenna Systems,theory,high,IV-ECE-B
2026-10-14,Wednesday,1,09:00,09:50,21ECC402P,Computer Communication and Network Security,theory,high,IV-ECE-B
2026-10-14,Wednesday,2,09:50,10:40,21ECE461T,Semiconductor Memory Design,theory,high,IV-ECE-B
2026-10-14,Wednesday,3,10:50,11:40,21GNH401T,Behavioural Psychology,theory,high,IV-ECE-B
2026-10-14,Wednesday,4,11:40,12:30,21ECC401T,Wireless Communication and Antenna Systems,theory,high,IV-ECE-B
2026-10-15,Thursday,1,09:00,09:50,21ECE461T,Semiconductor Memory Design,theory,high,IV-ECE-B
2026-10-15,Thursday,2,09:50,10:40,21ECC401T,Wireless Communication and Antenna Systems,theory,high,IV-ECE-B
2026-10-15,Thursday,3,10:50,11:40,21ECC402P,Computer Communication and Network Security,lab,high,IV-ECE-B
2026-10-15,Thursday,4,11:40,12:30,21GNH401T,Behavioural Psychology,theory,high,IV-ECE-B
2026-10-16,Friday,1,09:00,09:50,21ECE463T,Scripting Language for Electronic Design Automation,theory,high,IV-ECE-B
2026-10-16,Friday,2,09:50,10:40,21ECE461T,Semiconductor Memory Design,theory,high,IV-ECE-B
2026-10-16,Friday,3,10:50,11:40,21CSO355T,Machine learning for all,theory,high,IV-ECE-B
2026-10-19,Monday,1,09:00,09:50,21ECC402P,Computer Communication and Network Security,theory,high,IV-ECE-B
2026-10-19,Monday,2,09:50,10:40,21GNH401T,Behavioural Psychology,theory,high,IV-ECE-B
2026-10-19,Monday,3,10:50,11:40,21ECE463T,Scripting Language for Electronic Design Automation,theory,high,IV-ECE-B
2026-10-19,Monday,4,11:40,12:30,21CSO355T,Machine learning for all,theory,high,IV-ECE-B
2026-10-20,Tuesday,1,09:00,09:50,21ECC402P,Computer Communication and Network Security,theory,high,IV-ECE-B
2026-10-20,Tuesday,2,09:50,10:40,21ECE463T,Scripting Language for Electronic Design Automation,theory,high,IV-ECE-B
2026-10-20,Tuesday,3,10:50,11:40,21CSO355T,Machine learning for all,theory,high,IV-ECE-B
2026-10-20,Tuesday,4,11:40,12:30,21ECC401T,Wireless Communication and Antenna Systems,theory,high,IV-ECE-B
2026-10-21,Wednesday,1,09:00,09:50,21ECC402P,Computer Communication and Network Security,theory,high,IV-ECE-B
2026-10-21,Wednesday,2,09:50,10:40,21ECE461T,Semiconductor Memory Design,theory,high,IV-ECE-B
2026-10-21,Wednesday,3,10:50,11:40,21GNH401T,Behavioural Psychology,theory,high,IV-ECE-B
2026-10-21,Wednesday,4,11:40,12:30,21ECC401T,Wireless Communication and Antenna Systems,theory,high,IV-ECE-B
2026-10-22,Thursday,1,09:00,09:50,21ECE461T,Semiconductor Memory Design,theory,high,IV-ECE-B
2026-10-22,Thursday,2,09:50,10:40,21ECC401T,Wireless Communication and Antenna Systems,theory,high,IV-ECE-B
2026-10-22,Thursday,3,10:50,11:40,21ECC402P,Computer Communication and Network Security,lab,high,IV-ECE-B
2026-10-22,Thursday,4,11:40,12:30,21GNH401T,Behavioural Psychology,theory,high,IV-ECE-B
2026-10-23,Friday,1,09:00,09:50,21ECE463T,Scripting Language for Electronic Design Automation,theory,high,IV-ECE-B
2026-10-23,Friday,2,09:50,10:40,21ECE461T,Semiconductor Memory Design,theory,high,IV-ECE-B
2026-10-23,Friday,3,10:50,11:40,21CSO355T,Machine learning for all,theory,high,IV-ECE-B
2026-10-26,Monday,1,09:00,09:50,21ECC402P,Computer Communication and Network Security,theory,high,IV-ECE-B
2026-10-26,Monday,2,09:50,10:40,21GNH401T,Behavioural Psychology,theory,high,IV-ECE-B
2026-10-26,Monday,3,10:50,11:40,21ECE463T,Scripting Language for Electronic Design Automation,theory,high,IV-ECE-B
2026-10-26,Monday,4,11:40,12:30,21CSO355T,Machine learning for all,theory,high,IV-ECE-B
2026-10-27,Tuesday,1,09:00,09:50,21ECC402P,Computer Communication and Network Security,theory,high,IV-ECE-B
2026-10-27,Tuesday,2,09:50,10:40,21ECE463T,Scripting Language for Electronic Design Automation,theory,high,IV-ECE-B
2026-10-27,Tuesday,3,10:50,11:40,21CSO355T,Machine learning for all,theory,high,IV-ECE-B
2026-10-27,Tuesday,4,11:40,12:30,21ECC401T,Wireless Communication and Antenna Systems,theory,high,IV-ECE-B
2026-10-28,Wednesday,1,09:00,09:50,21ECC402P,Computer Communication and Network Security,theory,high,IV-ECE-B
2026-10-28,Wednesday,2,09:50,10:40,21ECE461T,Semiconductor Memory Design,theory,high,IV-ECE-B
2026-10-28,Wednesday,3,10:50,11:40,21GNH401T,Behavioural Psychology,theory,high,IV-ECE-B
2026-10-28,Wednesday,4,11:40,12:30,21ECC401T,Wireless Communication and Antenna Systems,theory,high,IV-ECE-B
2026-10-29,Thursday,1,09:00,09:50,21ECE461T,Semiconductor Memory Design,theory,high,IV-ECE-B
2026-10-29,Thursday,2,09:50,10:40,21ECC401T,Wireless Communication and Antenna Systems,theory,high,IV-ECE-B
2026-10-29,Thursday,3,10:50,11:40,21ECC402P,Computer Communication and Network Security,lab,high,IV-ECE-B
2026-10-29,Thursday,4,11:40,12:30,21GNH401T,Behavioural Psychology,theory,high,IV-ECE-B
2026-10-30,Friday,1,09:00,09:50,21ECE463T,Scripting Language for Electronic Design Automation,theory,high,IV-ECE-B
2026-10-30,Friday,2,09:50,10:40,21ECE461T,Semiconductor Memory Design,theory,high,IV-ECE-B
2026-10-30,Friday,3,10:50,11:40,21CSO355T,Machine learning for all,theory,high,IV-ECE-B
2026-11-02,Monday,1,09:00,09:50,21ECC402P,Computer Communication and Network Security,theory,high,IV-ECE-B
2026-11-02,Monday,2,09:50,10:40,21GNH401T,Behavioural Psychology,theory,high,IV-ECE-B
2026-11-02,Monday,3,10:50,11:40,21ECE463T,Scripting Language for Electronic Design Automation,theory,high,IV-ECE-B
2026-11-02,Monday,4,11:40,12:30,21CSO355T,Machine learning for all,theory,high,IV-ECE-B
2026-11-03,Tuesday,1,09:00,09:50,21ECC402P,Computer Communication and Network Security,theory,high,IV-ECE-B
2026-11-03,Tuesday,2,09:50,10:40,21ECE463T,Scripting Language for Electronic Design Automation,theory,high,IV-ECE-B
2026-11-03,Tuesday,3,10:50,11:40,21CSO355T,Machine learning for all,theory,high,IV-ECE-B
2026-11-03,Tuesday,4,11:40,12:30,21ECC401T,Wireless Communication and Antenna Systems,theory,high,IV-ECE-B
2026-11-04,Wednesday,1,09:00,09:50,21ECC402P,Computer Communication and Network Security,theory,high,IV-ECE-B
2026-11-04,Wednesday,2,09:50,10:40,21ECE461T,Semiconductor Memory Design,theory,high,IV-ECE-B
2026-11-04,Wednesday,3,10:50,11:40,21GNH401T,Behavioural Psychology,theory,high,IV-ECE-B
2026-11-04,Wednesday,4,11:40,12:30,21ECC401T,Wireless Communication and Antenna Systems,theory,high,IV-ECE-B
2026-11-05,Thursday,1,09:00,09:50,21ECE461T,Semiconductor Memory Design,theory,high,IV-ECE-B
2026-11-05,Thursday,2,09:50,10:40,21ECC401T,Wireless Communication and Antenna Systems,theory,high,IV-ECE-B
2026-11-05,Thursday,3,10:50,11:40,21ECC402P,Computer Communication and Network Security,lab,high,IV-ECE-B
2026-11-05,Thursday,4,11:40,12:30,21GNH401T,Behavioural Psychology,theory,high,IV-ECE-B
2026-11-06,Friday,1,09:00,09:50,21ECE463T,Scripting Language for Electronic Design Automation,theory,high,IV-ECE-B
2026-11-06,Friday,2,09:50,10:40,21ECE461T,Semiconductor Memory Design,theory,high,IV-ECE-B
2026-11-06,Friday,3,10:50,11:40,21CSO355T,Machine learning for all,theory,high,IV-ECE-B
2026-11-09,Monday,1,09:00,09:50,21ECC402P,Computer Communication and Network Security,theory,high,IV-ECE-B
2026-11-09,Monday,2,09:50,10:40,21GNH401T,Behavioural Psychology,theory,high,IV-ECE-B
2026-11-09,Monday,3,10:50,11:40,21ECE463T,Scripting Language for Electronic Design Automation,theory,high,IV-ECE-B
2026-11-09,Monday,4,11:40,12:30,21CSO355T,Machine learning for all,theory,high,IV-ECE-B
2026-11-10,Tuesday,1,09:00,09:50,21ECC402P,Computer Communication and Network Security,theory,high,IV-ECE-B
2026-11-10,Tuesday,2,09:50,10:40,21ECE463T,Scripting Language for Electronic Design Automation,theory,high,IV-ECE-B
2026-11-10,Tuesday,3,10:50,11:40,21CSO355T,Machine learning for all,theory,high,IV-ECE-B
2026-11-10,Tuesday,4,11:40,12:30,21ECC401T,Wireless Communication and Antenna Systems,theory,high,IV-ECE-B
2026-11-11,Wednesday,1,09:00,09:50,21ECC402P,Computer Communication and Network Security,theory,high,IV-ECE-B
2026-11-11,Wednesday,2,09:50,10:40,21ECE461T,Semiconductor Memory Design,theory,high,IV-ECE-B
2026-11-11,Wednesday,3,10:50,11:40,21GNH401T,Behavioural Psychology,theory,high,IV-ECE-B
2026-11-11,Wednesday,4,11:40,12:30,21ECC401T,Wireless Communication and Antenna Systems,theory,high,IV-ECE-B
2026-11-12,Thursday,1,09:00,09:50,21ECE461T,Semiconductor Memory Design,theory,high,IV-ECE-B
2026-11-12,Thursday,2,09:50,10:40,21ECC401T,Wireless Communication and Antenna Systems,theory,high,IV-ECE-B
2026-11-12,Thursday,3,10:50,11:40,21ECC402P,Computer Communication and Network Security,lab,high,IV-ECE-B
2026-11-12,Thursday,4,11:40,12:30,21GNH401T,Behavioural Psychology,theory,high,IV-ECE-B
2026-11-13,Friday,1,09:00,09:50,21ECE463T,Scripting Language for Electronic Design Automation,theory,high,IV-ECE-B
2026-11-13,Friday,2,09:50,10:40,21ECE461T,Semiconductor Memory Design,theory,high,IV-ECE-B
2026-11-13,Friday,3,10:50,11:40,21CSO355T,Machine learning for all,theory,high,IV-ECE-B
2026-11-16,Monday,1,09:00,09:50,21ECC402P,Computer Communication and Network Security,theory,high,IV-ECE-B
2026-11-16,Monday,2,09:50,10:40,21GNH401T,Behavioural Psychology,theory,high,IV-ECE-B
2026-11-16,Monday,3,10:50,11:40,21ECE463T,Scripting Language for Electronic Design Automation,theory,high,IV-ECE-B
2026-11-16,Monday,4,11:40,12:30,21CSO355T,Machine learning for all,theory,high,IV-ECE-B
2026-11-17,Tuesday,1,09:00,09:50,21ECC402P,Computer Communication and Network Security,theory,high,IV-ECE-B
2026-11-17,Tuesday,2,09:50,10:40,21ECE463T,Scripting Language for Electronic Design Automation,theory,high,IV-ECE-B
2026-11-17,Tuesday,3,10:50,11:40,21CSO355T,Machine learning for all,theory,high,IV-ECE-B
2026-11-17,Tuesday,4,11:40,12:30,21ECC401T,Wireless Communication and Antenna Systems,theory,high,IV-ECE-B
2026-11-18,Wednesday,1,09:00,09:50,21ECC402P,Computer Communication and Network Security,theory,high,IV-ECE-B
2026-11-18,Wednesday,2,09:50,10:40,21ECE461T,Semiconductor Memory Design,theory,high,IV-ECE-B
2026-11-18,Wednesday,3,10:50,11:40,21GNH401T,Behavioural Psychology,theory,high,IV-ECE-B
2026-11-18,Wednesday,4,11:40,12:30,21ECC401T,Wireless Communication and Antenna Systems,theory,high,IV-ECE-B
2026-11-19,Thursday,1,09:00,09:50,21ECE461T,Semiconductor Memory Design,theory,high,IV-ECE-B
2026-11-19,Thursday,2,09:50,10:40,21ECC401T,Wireless Communication and Antenna Systems,theory,high,IV-ECE-B
2026-11-19,Thursday,3,10:50,11:40,21ECC402P,Computer Communication and Network Security,lab,high,IV-ECE-B
2026-11-19,Thursday,4,11:40,12:30,21GNH401T,Behavioural Psychology,theory,high,IV-ECE-B
2026-11-20,Friday,1,09:00,09:50,21ECE463T,Scripting Language for Electronic Design Automation,theory,high,IV-ECE-B
2026-11-20,Friday,2,09:50,10:40,21ECE461T,Semiconductor Memory Design,theory,high,IV-ECE-B
2026-11-20,Friday,3,10:50,11:40,21CSO355T,Machine learning for all,theory,high,IV-ECE-B
2026-11-23,Monday,1,09:00,09:50,21ECC402P,Computer Communication and Network Security,theory,high,IV-ECE-B
2026-11-23,Monday,2,09:50,10:40,21GNH401T,Behavioural Psychology,theory,high,IV-ECE-B
2026-11-23,Monday,3,10:50,11:40,21ECE463T,Scripting Language for Electronic Design Automation,theory,high,IV-ECE-B
2026-11-23,Monday,4,11:40,12:30,21CSO355T,Machine learning for all,theory,high,IV-ECE-B
2026-11-24,Tuesday,1,09:00,09:50,21ECC402P,Computer Communication and Network Security,theory,high,IV-ECE-B
2026-11-24,Tuesday,2,09:50,10:40,21ECE463T,Scripting Language for Electronic Design Automation,theory,high,IV-ECE-B
2026-11-24,Tuesday,3,10:50,11:40,21CSO355T,Machine learning for all,theory,high,IV-ECE-B
2026-11-24,Tuesday,4,11:40,12:30,21ECC401T,Wireless Communication and Antenna Systems,theory,high,IV-ECE-B
2026-11-25,Wednesday,1,09:00,09:50,21ECC402P,Computer Communication and Network Security,theory,high,IV-ECE-B
2026-11-25,Wednesday,2,09:50,10:40,21ECE461T,Semiconductor Memory Design,theory,high,IV-ECE-B
2026-11-25,Wednesday,3,10:50,11:40,21GNH401T,Behavioural Psychology,theory,high,IV-ECE-B
2026-11-25,Wednesday,4,11:40,12:30,21ECC401T,Wireless Communication and Antenna Systems,theory,high,IV-ECE-B
2026-11-26,Thursday,1,09:00,09:50,21ECE461T,Semiconductor Memory Design,theory,high,IV-ECE-B
2026-11-26,Thursday,2,09:50,10:40,21ECC401T,Wireless Communication and Antenna Systems,theory,high,IV-ECE-B
2026-11-26,Thursday,3,10:50,11:40,21ECC402P,Computer Communication and Network Security,lab,high,IV-ECE-B
2026-11-26,Thursday,4,11:40,12:30,21GNH401T,Behavioural Psychology,theory,high,IV-ECE-B
2026-11-27,Friday,1,09:00,09:50,21ECE463T,Scripting Language for Electronic Design Automation,theory,high,IV-ECE-B
2026-11-27,Friday,2,09:50,10:40,21ECE461T,Semiconductor Memory Design,theory,high,IV-ECE-B
2026-11-27,Friday,3,10:50,11:40,21CSO355T,Machine learning for all,theory,high,IV-ECE-B
